NR-AR,NR-AR-LBD,mol_id,smiles
0,0,TOX4681,CC(C)(C)N
0,0,TOX1843,N#Cc1ccccn1
0,0,TOX27179,CCCCCCCCCCCCCCCCCC(=O)OCCCCCCCCCCCCCC(C)C
0,0,TOX2529,COC(=O)c1ccc(O)cc1
0,0,TOX24831,CCCCOC(=O)C(C)OC(=O)CCC
0,0,TOX3889,CCOC(=O)C(C)Oc1ccc(Oc2cnc3cc(Cl)ccc3n2)cc1
0,0,TOX27657,CCCCCCC(O)CCOC(C)=O
0,0,TOX27443,COc1cc(C)cc(O)c1
0,0,TOX1235,CCN(CC)c1cc2[o+]c3cc(N(CC)CC)c(C)cc3c(-c3ccc(S(=O)(=O)[O-])cc3S(=O)(=O)[O-])c2cc1C
1,0,TOX4662,COc1cc2c(cc1OC)[C@@]13CCN4CC5=CCO[C@H]6CC(=O)N2[C@H]1[C@H]6[C@H]5C[C@H]43
0,0,TOX21269,C[C@@H]1CC[C@H]2C(C)(C)[C@H]3C[C@]21CC[C@@]3(C)O
1,1,TOX1185,C[C@]12CC(=O)[C@H]3[C@@H](CCC4=CC(=O)C=C[C@@]43C)[C@@H]1CC[C@]2(O)C(=O)CO
0,0,TOX24619,CCCCCCCCNC
0,0,TOX7561,COC(=O)CCSCCC(=O)OC
0,0,TOX721,CCOc1ccc(NC(=O)CC(C)O)cc1
0,0,TOX27130,C/C=C(\C)C(=O)OCc1ccccc1
0,0,TOX1764,CC(O)CN
1,1,TOX2673,CCCCC(=O)O[C@]1(C(=O)CO)[C@@H](C)C[C@H]2[C@@H]3CCC4=CC(=O)C=C[C@]4(C)[C@@]3(F)[C@@H](O)C[C@@]21C
0,0,TOX17515,CNP(=O)(OC)Oc1ccc(C(C)(C)C)cc1Cl
0,0,TOX26189,CC(CNC(=O)c1cccnc1)NC(=O)c1cccnc1
0,0,TOX1883,C#CCO
0,0,TOX29382,CCN(CC)CCNC(=O)c1ccc(N)cc1
0,1,TOX3764,c1ccc2c(c1)c1cccc3ccc4cccc2c4c31
0,0,TOX27617,COc1cc(C)ccc1C(C)C
0,0,TOX4311,O=C([O-])CF
0,0,TOX2946,CCCCC[C@H](O)/C=C/[C@H]1[C@H](O)C[C@H](O)[C@@H]1C/C=C\CCCC(=O)O
0,0,TOX24491,NC(=O)CN1CCCC1=O
0,1,TOX6314,[O-][n+]1ccccc1S[Zn]Sc1cccc[n+]1[O-]
0,0,TOX27094,CCOC(=O)CC(=O)c1ccccc1
0,0,TOX26989,N[C@H](Cc1c[nH]c2ccccc12)C(=O)O
0,0,TOX348,O=c1ccc2ccccc2o1
0,0,TOX26432,CN1C[C@@H]2C[C@H]1CN2c1cc2c(cc1F)c(=O)c(C(=O)O)cn2C1CC1
0,1,TOX26342,CC(=O)[C@H]1CC[C@H]2[C@@H]3CC[C@H]4C[C@H](O)CC[C@]4(C)[C@H]3CC[C@]12C
0,0,TOX28963,c1ccc(C(O[C@H]2CCCN(CCc3ccc4c(c3)OCO4)C2)c2ccccc2)cc1
0,0,TOX7970,CC(C)(O)CCCC1=CCC(C=O)CC1
0,0,TOX28150,Cc1occc1C(=O)Nc1ccc(C(=O)N2CCC(F)(F)/C(=C\C(=O)N3CCC(N4CCCCC4)CC3)c3ccccc32)cc1.Cc1occc1C(=O)Nc1ccc(C(=O)N2CCC(F)(F)/C(=C\C(=O)N3CCC(N4CCCCC4)CC3)c3ccccc32)cc1
1,0,TOX38,C=CCOc1ccc(CC(=O)O)cc1Cl
0,0,TOX27174,CCCCOCCOC(=O)c1ccccc1C(=O)OCCOCCCC
1,1,TOX25867,CC(=O)Oc1ccc2c(c1)CC[C@@H]1[C@@H]2CC[C@]2(C)[C@@H](O)CC[C@@H]12
0,0,TOX25598,COc1cc2nc(N3CCN(C(=O)C4COc5ccccc5O4)CC3)nc(N)c2cc1OC
0,0,TOX25590,CO[C@@]1(NC(=O)CSCC#N)C(=O)N2C(C(=O)[O-])=C(CSc3nnnn3C)CS[C@@H]21
0,0,TOX22379,CO[Si](C)(C)OC
0,0,TOX27134,CC=CC(=O)CCCC
0,0,TOX53,CCOc1ccc(NC(C)=O)cc1N
0,0,TOX6557,OCCN(CCO)c1cccc(Cl)c1
0,0,TOX27267,Cc1nc(C)nc(N2C[C@H](C)N(c3ccnc([C@@H](C)O)n3)[C@H](C)C2)n1
1,1,TOX3061,C[C@]12C[C@H](O)[C@@]3(F)[C@@H](CCC4=CC(=O)CC[C@@]43C)[C@@H]1CC[C@]2(O)C(=O)CO
0,0,TOX5037,CCN(CC)c1cccc(O)c1
0,0,TOX2107,Cc1ncc[nH]1
0,0,TOX26411,CCC(C)(S(=O)(=O)CC)S(=O)(=O)CC
0,0,TOX27135,Cc1ccccc1S
0,0,TOX20718,COc1cc(Cl)c(OC)cc1N
0,0,TOX26695,CNC1CCCN(c2c(F)cc3c(=O)c(C(=O)O)cn(C4CC4)c3c2OC)C1
0,0,TOX26200,COc1ccc(Cc2cnc(N)nc2N)cc1OC
0,0,TOX463,CCN(C=O)CC
0,0,TOX7133,CCOP(=S)(S)OCC
0,0,TOX25160,O=C1CCC(c2ccc(-n3ccnc3)cc2)=NN1
0,0,TOX21726,O=C(Nc1ccc2c(O)c(N=Nc3ccc(N=Nc4ccc(S(=O)(=O)[O-])cc4)cc3)c(S(=O)(=O)[O-])cc2c1)c1ccccc1
0,1,TOX4866,CN(C)c1ccc(C2(c3ccc(N(C)C)cc3)OC(=O)c3cc(N(C)C)ccc32)cc1
0,0,TOX24401,N=C(N)c1ccccc1
0,0,TOX22219,CCCc1ccccc1
0,0,TOX24425,COC(=O)CCC(=O)O
1,1,TOX26198,CCCCCCCCCC(=O)O[C@H]1CC[C@H]2[C@@H]3CCC4=CC(=O)CC[C@]4(C)[C@H]3CC[C@]12C
0,0,TOX28515,CN(Cc1ccc(C(C)(C)C)cc1)Cc1cccc2ccccc12
0,0,TOX7832,CCCCC(CC)COC(=O)Cl
1,1,TOX2671,CCCC(=O)O[C@]1(C(=O)COC(=O)CC)[C@@H](C)C[C@H]2[C@@H]3CCC4=CC(=O)C=C[C@]4(C)[C@@]3(F)[C@@H](O)C[C@@]21C
0,0,TOX575,C=CCc1ccc(OC)cc1
0,0,TOX29385,N#CC(C#N)=C(C#N)C#N
0,0,TOX6619,O=S(=O)(Cl)c1ccccc1
0,0,TOX24375,C=CCOCC(O)CO
0,0,TOX25682,CC(N/C(=N\C#N)Nc1ccncc1)C(C)(C)C
0,0,TOX27674,CC1=C(O)C(=O)OC1C
0,0,TOX21253,CC1OC(=O)C(C)OC1=O
0,0,TOX28578,CCCCCCCN(CC)CCCC(O)c1ccc(NS(C)(=O)=O)cc1.CCCCCCCN(CC)CCCC(O)c1ccc(NS(C)(=O)=O)cc1
0,0,TOX29002,CC(C(=O)O)c1ccc2c(c1)CC(=O)c1ccccc1S2
0,0,TOX25538,CN(C)CCn1nnnc1SCC1=C(C(=O)O)N2C(=O)[C@@H](NC(=O)Cc3csc(N)n3)[C@H]2SC1
0,0,TOX7498,CC(C)(N=C=O)c1cccc(C(C)(C)N=C=O)c1
0,0,TOX26525,COc1cc(O)cc(O)c1
0,0,TOX26434,O=C(CS(=O)Cc1ccco1)NC/C=C\COc1cc(CN2CCCCC2)ccn1
0,0,TOX26226,O=C(N/N=C/c1ccc([N+](=O)[O-])o1)c1cc([N+](=O)[O-])cc([N+](=O)[O-])c1O
0,0,TOX3085,CCCCc1ccc(C(=O)O)nc1
0,0,TOX29068,CCCC[n+]1cccc(C)c1
0,0,TOX27033,OC[C@H]1O[C@@H]2O[C@@H]3[C@@H](CO)O[C@H](O[C@@H]4[C@@H](CO)O[C@H](O[C@@H]5[C@@H](CO)O[C@H](O[C@@H]6[C@@H](CO)O[C@H](O[C@@H]7[C@@H](CO)O[C@H](O[C@@H]8[C@@H](CO)O[C@H](O[C@@H]9[C@@H](CO)O[C@H](O[C@H]1[C@H](O)[C@H]2O)[C@H](O)[C@H]9O)[C@H](O)[C@H]8O)[C@H](O)[C@H]7O)[C@H](O)[C@H]6O)[C@H](O)[C@H]5O)[C@H](O)[C@H]4O)[C@H](O)[C@H]3O
0,0,TOX25671,CC(C)NCC(O)COc1ccccc1-n1cccc1
0,0,TOX27408,COC(=O)CC(C)CCC=C(C)C
0,0,TOX426,Nc1c(Cl)cc([N+](=O)[O-])cc1Cl
0,0,TOX25315,CC(CN(C)C)CN1c2ccccc2CCc2ccccc21
0,0,TOX28844,C[C@H](CN1CCOCC1)C(C(=O)N1CCCC1)(c1ccccc1)c1ccccc1
0,0,TOX25145,CN(C)CC/C=C1\c2ccccc2COc2ccccc21
0,0,TOX26245,CCCCCCOC(=O)c1cccnc1
0,0,TOX449,COP(=O)(OC)OC=C(Cl)Cl
0,0,TOX1520,CCCCOCCOCCOCCO
0,0,TOX1421,COc1cc(/C=C/C(=O)CC(=O)/C=C/c2ccc(O)c(OC)c2)ccc1O
0,0,TOX2060,O=Cc1ccccc1[N+](=O)[O-]
0,0,TOX1275,CCN(CC)C(=S)[S-]
0,0,TOX29069,O=C1c2ccccc2C(=O)c2cc(Cl)ccc21
0,0,TOX815,CC1CN1P(=O)(N1CC1C)N1CC1C
0,0,TOX27952,CC(=O)C=CC1=C(C)CCCC1(C)C
0,0,TOX1030,O=NN(c1ccccc1)c1ccccc1
0,0,TOX6880,CC(=O)OCCOC(C)=O
0,0,TOX26269,c1ccc2c(c1)OCC(CN1CCCCC1)O2
0,0,TOX27176,C1=CCC(c2ccccc2)CC1
0,0,TOX10384,Nc1ccc(Cl)cc1[N+](=O)[O-]
0,0,TOX28925,CN(C(=O)C(Cl)Cl)c1ccc(OC(=O)c2ccco2)cc1
0,0,TOX1885,CC(O)CC(C)(C)O
0,1,TOX23909,CCOC(=O)C1=C(COCCN)NC(C)=C(C(=O)OC)C1c1ccccc1Cl.O=S(=O)(O)c1ccccc1
0,0,TOX24819,O=C([O-])c1cc(C(=O)O)cc(S(=O)(=O)O)c1
0,0,TOX3113,COc1ccccc1O
0,1,TOX3907,c1ccc2c(c1)-c1cccc3c1c-2cc1ccccc13
0,0,TOX4072,CN(C)C(=O)C(c1ccccc1)c1ccccc1
0,0,TOX25316,c1ccc2c(c1)CCCC2C1=NCCN1
0,0,TOX5864,CCOc1ccc(N)cc1
0,0,TOX1762,CCC(C)O
0,0,TOX24933,O=C=NCC1CCCC(CN=C=O)C1
0,0,TOX22579,O=C1NCN(c2ccccc2)C12CCN(CCCOc1ccc(F)cc1)CC2
0,0,TOX1841,CNc1ccccc1
0,0,TOX151,CC(=O)OCc1ccccc1
0,0,TOX25101,C[N+]1([O-])[C@H]2C[C@H](OC(=O)[C@H](CO)c3ccccc3)C[C@@H]1[C@H]1O[C@@H]21
0,0,TOX26185,COc1ccc(/C=N\NC(=O)c2ccncc2)c(C(=O)O)c1OC
0,0,TOX20651,CO[C@H]1O[C@@H]2O[C@]3(C)CC[C@H]4[C@H](C)CC[C@@H]([C@H]1C)C42OO3
0,0,TOX79,O=C([O-])CC(O)(CC(=O)O)C(=O)[O-]
0,0,TOX7343,CC(C)(C)c1ccc(C=O)cc1
1,1,TOX3303,C[C@H]1C[C@H]2[C@@H]3CC[C@](O)(C(=O)COC(=O)CCC(=O)[O-])[C@@]3(C)C[C@H](O)[C@@H]2[C@@]2(C)C=CC(=O)C=C12
0,0,TOX2941,CN(C)CCCN1c2ccccc2C(C)(C)c2ccccc21
0,0,TOX29003,CC(C(=O)O)c1ccc(C2CCCCC2)c2ccccc12
0,0,TOX21709,Cc1cc(S(=O)(=O)[O-])ccc1/N=N/c1c(O)ccc2ccccc12
0,0,TOX5809,CCCCCCCC/C=C\CCCCCCCC(=O)O
0,0,TOX25591,CCOC(=O)c1ccc(OC(=O)CCCCCNC(=N)N)cc1
0,0,TOX6573,c1ccc2sc(SSN3CCOCC3)nc2c1
0,0,TOX12372,CC1COC(Cn2cncn2)(c2ccc(Oc3ccc(Cl)cc3)cc2Cl)O1
0,0,TOX24280,C=C[C@H]1CN2CCC1C[C@H]2[C@H](O)c1ccnc2ccc(OC)cc12
0,0,TOX14627,Nc1c(Cl)c(F)nc(OCC(=O)O)c1Cl
0,0,TOX7542,O=[N+]([O-])c1ccc(C=Cc2ccc([N+](=O)[O-])cc2S(=O)(=O)[O-])c(S(=O)(=O)[O-])c1
0,0,TOX27037,CS(=O)(=O)c1ccc(C(=O)C2C(=O)CCCC2=O)c(Cl)c1COCC(F)(F)F
0,0,TOX3027,CCCN(CC)C(CC)C(=O)Nc1c(C)cccc1C
1,0,TOX26078,CC(=O)Oc1c(C)cc(OCC(O)CNC(C)C)c(C)c1C
0,0,TOX10189,Nc1ccccc1-c1ccccc1
0,0,TOX17757,C=CCCCCCCCCC=O
0,0,TOX24931,C=C(C)C(=O)OCCNC(C)(C)C
0,0,TOX7039,OCC(CO)(CO)COCC(CO)(CO)CO
0,0,TOX18686,Cc1cccc(C(=O)O)c1O
1,1,TOX2904,CCCCC(=O)O[C@]1(C(=O)CO)[C@H](C)C[C@H]2[C@@H]3CCC4=CC(=O)C=C[C@]4(C)[C@@]3(F)[C@@H](O)C[C@@]21C
0,0,TOX7244,CCC(Cl)CCl
0,0,TOX26904,CCN(CC)CCO[C@H]1CC[C@@]2(C)C(=CC[C@H]3[C@@H]4CCC(=O)[C@@]4(C)CC[C@@H]32)C1
0,0,TOX6181,O=C(Nc1ccc(Br)cc1)c1cc(Br)cc(Br)c1O
0,0,TOX1901,CCCOC(C)=O
0,0,TOX21703,CCCCc1ccc2cccc(S(=O)(=O)[O-])c2c1
0,0,TOX24400,CCCC[N+](CCCC)(CCCC)CCCC
0,0,TOX28571,COc1cc([C@@H]2c3cc4c(cc3C(O[C@@H]3O[C@@H]5CO[C@@H](C)O[C@H]5[C@H](O)[C@H]3O)C3COC(=O)[C@@H]32)OCO4)cc(OC)c1OP(=O)(O)O
0,0,TOX2605,CC(C)CCON=O
1,1,TOX1184,C[C@]12C[C@H](O)[C@H]3[C@@H](CCC4=CC(=O)C=C[C@@]43C)[C@@H]1CC[C@]2(O)C(=O)CO
0,0,TOX24490,COC(=O)c1sccc1S(N)(=O)=O
0,0,TOX92,COc1ccccc1N
0,0,TOX22065,ClC1=C(Cl)[C@]2(Cl)[C@H]3[C@H]([C@H]4C=C[C@H]3C4)[C@@]1(Cl)C2(Cl)Cl
0,0,TOX1427,CCOC(N)=O
0,0,TOX26926,CC[C@H](C)[C@H](NC(=O)[C@H](Cc1ccccc1)NC(=O)[C@H](C)NC(=O)[C@H](CC(=O)O)NC(=O)[C@H](CCCCN)NC(=O)[C@H](CO)NC(=O)[C@@H]1CCCN1C(=O)[C@@H]1CCC(=O)N1)C(=O)NCC(=O)N[C@@H](CC(C)C)C(=O)N[C@@H](CCSC)C(N)=O
1,1,TOX14192,C[C@]12C=CC3=C4CCC(=O)C=C4CC[C@H]3[C@@H]1CC[C@@H]2O
1,1,TOX26478,C#C[C@]1(O)C=C[C@H]2[C@@H]3CCC4=CC(=O)CC[C@@H]4[C@H]3CC[C@@]21CC
0,0,TOX21827,O=C(Nc1ccc(Cl)c(Cl)c1)C1CC1
0,0,TOX3021,CCOc1ccc2nc(S(N)(=O)=O)sc2c1
0,0,TOX3542,COc1ccc(CN(CCN(C)C)c2ccccn2)cc1
0,0,TOX25147,CSc1ccc(C(=O)c2[nH]c(=O)[nH]c2C)cc1
0,0,TOX4051,CC(C)OP(C)(=O)OC(C)C
0,0,TOX21085,CC1COc2c(N3CCN(C)CC3)c(F)cc3c(=O)c(C(=O)O)cn1c23
0,0,TOX3376,CNC(=C[N+](=O)[O-])NCCSCc1csc(CN(C)C)n1
0,0,TOX25862,CCN(CC)CCNC(=O)COc1ccc(OC)cc1
0,0,TOX28490,O=C([N-]S(=O)(=O)/C=C/c1ccccc1)c1ccc(F)cc1Cl
0,1,TOX1084,COc1cc(/C=C/C(=O)O[C@H]2CC[C@]34C[C@]35CC[C@]3(C)[C@@H]([C@H](C)CCC=C(C)C)CC[C@@]3(C)[C@@H]5CC[C@H]4C2(C)C)ccc1O
0,0,TOX957,Nc1ccc(N)c([N+](=O)[O-])c1
0,0,TOX24879,CCC(CO)(CO)COCC(CC)(CO)CO
0,0,TOX27071,Cc1ccccc1CCO
0,0,TOX2968,Cn1c(=O)c2c(ncn2CC2OCCO2)n(C)c1=O
0,0,TOX27039,CCNC(=O)C1CC(C)CCC1C(C)C
0,0,TOX4460,Nc1ccc(/N=N/c2ccccc2)cc1
1,0,TOX24836,O=C(c1ccc(O)cc1)c1ccc(O)cc1O
0,0,TOX27362,CCOC(=O)[C@]1(c2ccccc2)Oc2ccccc2[C@@H]1N
0,0,TOX24915,CC1COc2ccccc2N1
0,0,TOX5641,Cc1cc(C(=O)O)ccc1[N+](=O)[O-]
0,0,TOX958,Nc1ccc([N+](=O)[O-])cc1N
0,0,TOX6881,CCCCCCCCCCCCCCCCCC(=O)OCCO
0,0,TOX13447,CC(C)N(C)C
0,0,TOX25860,CC(NCCC(c1ccccc1)c1ccccc1)c1ccccc1
,0,TOX7565,CC(=O)O[Si](C)(OC(C)=O)OC(C)=O
0,0,TOX25533,CCN(CC)CCOC(=O)C(Cc1cccc2ccccc12)CC1CCCO1
0,1,TOX24658,N=C1NC(=N)c2ccccc21
0,0,TOX5761,Cc1ccc2ccccc2c1[N+](=O)[O-]
0,0,TOX2949,CN(C)CCOC(c1ccccc1)c1ccccc1
0,0,TOX26437,Nc1nc(Cl)nc2c1ncn2[C@@H]1O[C@H](CO)[C@@H](O)[C@@H]1F
0,0,TOX26906,CC/C(=C(/CC)c1ccc(OP(=O)(O)O)cc1)c1ccc(OP(=O)(O)O)cc1
0,0,TOX1803,CC(=O)CC(=O)c1ccccc1
0,0,TOX20320,COC(=O)c1cc(Oc2ccc(Cl)cc2Cl)ccc1[N+](=O)[O-]
0,0,TOX20691,Cc1cc(C(C)(C)C)c(O)c(C)c1CC1=NCCN1
0,0,TOX27446,O=C(COc1ccc(Cl)cc1)N1CCN(Cc2ccc3c(c2)OCO3)CC1
0,0,TOX29380,Nc1nc(Cl)cc(Cl)n1
1,1,TOX4834,O=C/C=C/c1ccccc1
0,0,TOX14456,Cc1ccccc1CO[C@H]1C[C@]2(C(C)C)CC[C@@]1(C)O2
0,0,TOX1135,Oc1ccc2ccccc2c1/N=N/c1ccccc1
0,0,TOX24740,CC(C)OC(=O)CCC(=O)OC(C)C
1,1,TOX3094,C#C[C@]1(O)CC[C@H]2[C@@H]3CCC4=CC(=O)CCC4=C3C=C[C@@]21CC
0,0,TOX7546,C=C(C)c1cccc(C(=C)C)c1
0,0,TOX26415,CCN(CC)CCNC(C(=O)OCCC(C)C)c1ccccc1
0,0,TOX27935,FC(F)(F)c1ccc(Cl)cc1Cl
0,0,TOX153,ClCc1ccccc1
0,0,TOX28771,CO[C@]1(NC(=O)CSC(F)F)C(=O)N2C(C(=O)O)=C(CSc3nnnn3CCO)CO[C@H]21
0,0,TOX25109,CNCCC=C1c2ccccc2CCc2ccccc21
0,0,TOX27404,CN(C)CCN(Cc1cccs1)c1ccccn1.CN(C)CCN(Cc1cccs1)c1ccccn1
0,0,TOX7134,CCCCC(CC)COP(=O)(O)OCC(CC)CCCC
0,0,TOX680,C1CCCNCCC1
0,0,TOX6204,O=[N+]([O-])c1c(Cl)cc(Cl)cc1Cl
0,0,TOX55,CCn1c2ccccc2c2cc(N)ccc21
0,0,TOX25271,CCCCOc1cc(C(=O)NCCN(CC)CC)c2ccccc2n1
0,0,TOX20731,CC(C)OC(=O)c1ccccc1C(=O)OC(C)C
0,0,TOX28550,O=C([O-])c1ccccc1O.O=C([O-])c1ccccc1O.[Zn+2]
0,0,TOX27248,Cc1cc2c3c(c1)C(c1ccccc1)=N[C@@H](NC(=O)c1ccncc1)C(=O)N3CC2
0,0,TOX25165,CN(C)C(=O)C(CCN1CCC(O)(c2ccc(Cl)cc2)CC1)(c1ccccc1)c1ccccc1
0,0,TOX26015,NC(=O)c1ncn([C@@H]2O[C@H](CO)[C@@H](O)[C@H]2O)c1N
0,1,TOX27820,NC1CCN(c2nc3c(cc2F)c(=O)c(C(=O)O)cn3-c2ccc(F)cc2F)C1
0,0,TOX1343,N#C[S-]
,0,TOX27695,Nc1ccccc1C(=O)Oc1ccc2ccccc2c1
0,0,TOX2614,CN1CCc2cccc3c2[C@H]1Cc1ccc(O)c(O)c1-3
0,0,TOX20758,CC1(C)CCC(C)(C)c2cc(C(=O)Nc3ccc(C(=O)O)cc3)ccc21
0,0,TOX25745,COc1ccc(CCN(C)CCCN2CCc3cc(OC)c(OC)cc3CC2=O)cc1OC
0,0,TOX5665,Cc1c[nH]c(=S)[nH]c1=O
1,1,TOX5050,NCCNCCN
0,0,TOX28829,COC(=O)[C@H]1[C@@H](OC(=O)c2ccccc2)C[C@@H]2CC[C@H]1N2C
0,0,TOX15620,CC1=CC(=O)[C@H]2C[C@@H]1C2(C)C
0,0,TOX28575,COC(=O)C1=C(C)NC(C)=C(C(=O)OCC(C)=O)C1c1ccccc1[N+](=O)[O-]
0,0,TOX1823,Nc1ccc([N+](=O)[O-])cc1[N+](=O)[O-]
0,0,TOX12520,CO/C=C(/C(=O)OC)c1ccccc1Oc1cc(Oc2ccccc2C#N)ncn1
1,1,TOX26722,C[C@@H]1C[C@H]2[C@@H]3CCC4=CC(=O)C=C[C@]4(C)[C@@]3(F)[C@@H](O)C[C@]2(C)[C@@]1(O)C(=O)COC(=O)c1cccc(S(=O)(=O)[O-])c1
0,0,TOX4316,CNC(=O)N(C)c1nnc(C(C)(C)C)s1
0,0,TOX1596,CCCCCCCCCCCCCCCCC(=O)O
0,0,TOX7500,CCCOCCO
0,0,TOX20710,C[Si](C)(C)O[Si](C)(C)O[Si](C)(C)C
0,0,TOX1822,CC(C)N(CCO)C(C)C
0,0,TOX18762,Cc1ncc(C[n+]2csc(CCO)c2C)c(N)n1
0,0,TOX26923,CC1=C(/C=C/C(C)=C/C=C/C(C)=C/C(=O)Oc2c(C)c(C)c3c(c2C)CC[C@@](C)(CCC[C@H](C)CCC[C@H](C)CCCC(C)C)O3)C(C)(C)CCC1
0,0,TOX4359,Oc1cc(Cl)c(Cl)cc1Cl
0,0,TOX4599,c1ccc(CSCc2ccccc2)cc1
0,0,TOX1847,c1ccc(Oc2ccccc2)cc1
0,0,TOX4057,CNC
0,0,TOX7386,C=CC(=O)OCCCCCCCC(C)C
,0,TOX28962,CN(C)CC[C@@H](c1ccc(Cl)cc1)c1ccccn1
0,0,TOX9184,Nc1ccc(S(=O)(=O)[O-])cc1
0,0,TOX27072,CC1=CC(O)CC(C)(C)C1
1,1,TOX1071,C#C[C@]1(OC(C)=O)CC[C@H]2[C@@H]3CCC4=CC(=O)CC[C@@H]4[C@H]3CC[C@@]21C
0,0,TOX24765,CC(=O)OCC=Cc1ccccc1
0,0,TOX26224,OC[C@H]1O[C@H](O[C@@]2(CO)O[C@@H](O)[C@H](O)[C@@H]2O)[C@H](O)[C@@H](O)[C@@H]1O
0,0,TOX27411,O=C(C=Cc1ccccc1)OCCCc1ccccc1
0,0,TOX17739,Oc1ccc(Nc2ccccc2)cc1
0,1,TOX894,CN(C)c1ccc(C(=O)c2ccc(N(C)C)cc2)cc1
0,0,TOX25330,COc1c(O[C@@H]2O[C@H](CO)[C@@H](O)[C@H](O)[C@H]2O)cc2c(c1OC)-c1ccc(SC)c(=O)cc1[C@@H](NC(C)=O)CC2
0,0,TOX25752,OCCN1CCN(CCCN2c3ccccc3C=Cc3ccccc32)CC1
0,0,TOX17712,CC(c1ccc(O)cc1)(c1ccc(O)cc1)c1ccc(O)cc1
0,0,TOX1770,CC(C)(c1cc(Cl)c(O)c(Cl)c1)c1cc(Cl)c(O)c(Cl)c1
0,0,TOX24815,CCCCOC(=O)CCCCCCCC(=O)OCCCC
0,0,TOX25085,CN1CCN(CCCN2c3ccccc3Sc3ccc(C(F)(F)F)cc32)CC1
0,1,TOX12647,N#CSCSc1nc2ccccc2s1
0,0,TOX25108,Cc1cc(C(=O)O)c(C)n1-c1cccc(C(=O)O)c1.O=C1C[C@@H]2OCC=C3CN4CC[C@]56c7ccccc7N1[C@H]5[C@H]2[C@H]3C[C@H]46
0,0,TOX22451,Clc1sc(Cl)c(Cl)c1Cl
0,0,TOX24441,Cc1ccccc1CCl
0,0,TOX26630,Cc1cc(O)c(C(=O)N[C@@H](C(=O)N[C@@H]2C(=O)N3C(C(=O)O)=C(CSc4nnnn4C)CS[C@H]23)c2ccc(O)cc2)cn1
0,0,TOX27093,CCCCCC#CC(=O)OC
0,0,TOX664,OCC(O)CCl
0,0,TOX27118,Cc1occc1S
1,0,TOX26452,C[C@]12CC[C@H]3[C@@H](CC[C@H]4NC(=O)C=C[C@]34C)[C@@H]1CC[C@@H]2C(=O)Nc1cc(C(F)(F)F)ccc1C(F)(F)F
0,0,TOX4783,C=CC(=O)OCCCl
0,0,TOX9233,O=C(c1ccc2c(c1)C(=O)OC2=O)c1ccc2c(c1)C(=O)OC2=O
0,0,TOX26055,COc1ccc(C=CC(=O)OCCC(C)C)cc1
0,0,TOX2821,C(=C/c1ccccc1)\CN1CCN(C(c2ccccc2)c2ccccc2)CC1
0,0,TOX25169,CCN(CC)CCNC(=O)c1cc(Cl)c(N)cc1OC
0,1,TOX10636,COc1cccc2c1C(=O)c1c(O)c3c(c(O)c1C2=O)C[C@@](O)(C(=O)CO)C[C@@H]3O[C@H]1C[C@H](N)[C@H](O)[C@H](C)O1
0,0,TOX28821,CCN(CC)CCc1c[nH]c2ccccc12.CCN(CC)CCc1c[nH]c2ccccc12
0,0,TOX25300,CCCCN(CCCC)CCCOC(=O)c1ccc(N)cc1
1,1,TOX28899,C[C@]12CCC(=O)C[C@@H]1CC[C@@H]1[C@@H]2CC[C@@]2(C)[C@H]1CC[C@]2(C)O
0,0,TOX321,C[NH+](C)CCC(c1ccc(Cl)cc1)c1ccccn1
0,0,TOX2522,CC(C)COC(=O)c1ccccc1C(=O)OCC(C)C
0,0,TOX1231,Cc1cc(C)c(/N=N/c2c(O)c(S(=O)(=O)[O-])cc3cc(S(=O)(=O)[O-])ccc23)cc1C
0,0,TOX1097,CN(C)[C@@H]1C(O)=C(C(N)=O)C(=O)[C@@]2(O)C(O)=C3C(=O)c4c(O)cccc4[C@@](C)(O)[C@H]3[C@H](O)[C@@H]12
0,0,TOX6207,Oc1ccc(Cl)c(Cl)c1Cl
0,0,TOX1039,O=NN1CCCCCCC1
0,0,TOX24655,CCCCCCCCCCCC(=O)N(CC)CC
0,0,TOX28772,O=C1NC2CCCCN2C12CCN(CCCN1c3ccccc3CCc3ccc(Cl)cc31)CC2
0,0,TOX9230,CC(C)(C)N(CCO)CCO
0,0,TOX7520,COCN(COC)c1nc(N(COC)COC)nc(N(COC)COC)n1
0,0,TOX12532,CCOC(=O)C(Cl)Cc1cc(-n2nc(C)n(C(F)F)c2=O)c(F)cc1Cl
0,0,TOX28539,Cc1c(N)nc(C(CC(N)=O)NCC(N)C(N)=O)nc1C(=O)NC(C(=O)NC(C)C(O)C(C)C(=O)NC(C(=O)NCCc1nc(-c2nc(C(=O)NCCCN[C@@H](C)c3ccccc3)cs2)cs1)C(C)O)C(O[C@@H]1O[C@@H](CO)[C@@H](O)[C@H](O)[C@@H]1O[C@H]1O[C@H](CO)[C@@H](O)[C@H](OC(N)=O)[C@@H]1O)c1c[nH]cn1
1,0,TOX28593,C[C@]12CC[C@@H]3c4ccc(OC(=O)N(CCCl)CCCl)cc4CC[C@H]3[C@@H]1CC[C@@H]2OP(=O)(O)O
0,0,TOX28779,C=CCOc1cc(Cl)ccc1C(=O)NCCN(CC)CC
0,0,TOX22276,CCOc1ccccc1O
0,0,TOX20735,C1CCC2(CCCCO2)OC1
0,0,TOX2741,CCCCNC(=O)NS(=O)(=O)c1ccc(N)cc1
0,0,TOX28791,CN[C@H](C)Cc1ccccc1
0,0,TOX22299,CC(C)c1ccc(O)cc1
0,0,TOX24394,CC(C)(C)C1CCC(=O)CC1
0,0,TOX3310,CC(=O)Nc1c(I)c(C(=O)N[C@H]2C(O)O[C@H](CO)[C@@H](O)[C@@H]2O)c(I)c(N(C)C(C)=O)c1I
0,0,TOX27585,CC/C=C\CCOC(=O)C(C)C
1,0,TOX26949,CN(C)CCCN1c2ccccc2Sc2ccccc21
0,0,TOX28591,CC(=O)OC(C)C(=O)OCC[N+](C)(C)C.CC(=O)OC(C)C(=O)OCC[N+](C)(C)C.O=S(=O)([O-])c1cccc2c(S(=O)(=O)[O-])cccc12
0,0,TOX24639,O=[N+]([O-])c1cc(C(F)(F)F)c(Cl)c([N+](=O)[O-])c1Cl
0,0,TOX5070,CC1=CC(C)(C)Nc2ccccc21
0,0,TOX24316,Cc1ccc(S(=O)(=O)O)cc1.O
0,0,TOX4701,CC(C)(C)c1ccc(OP(=O)(Oc2ccccc2)Oc2ccccc2)cc1
0,0,TOX27096,C1CNCCN1
0,0,TOX27424,O=C1CCCCC1C1CCCCC1
0,0,TOX7328,O=S(=O)([O-])CO
0,0,TOX6802,CC(C)CC(O)CC(C)C
0,0,TOX26235,Cc1ccc2c(Br)cc(Br)c(O)c2n1
0,0,TOX21424,CC(C)CCCC(C)(C)O
0,0,TOX877,Cc1cccc2ccccc12
0,0,TOX28553,CC(C)c1nc(CN(C)C(=O)N[C@H](C(=O)N[C@@H](Cc2ccccc2)C[C@H](O)[C@H](Cc2ccccc2)NC(=O)OCc2cncs2)C(C)C)cs1
0,0,TOX6220,CCOc1cc(OCC)c(C(C)=O)cc1OCC
0,0,TOX922,Nc1ccc2ccccc2c1S(=O)(=O)O
0,0,TOX7321,O=S(=O)([O-])c1ccc(O)cc1
0,0,TOX22477,Cc1cccc(N(C)C(=S)Oc2ccc3ccccc3c2)c1
0,1,TOX22224,Oc1ccccc1[Hg]Cl
0,0,TOX7137,CCCCCCCC/C=C\CCCCCCCC(N)=O
0,0,TOX58,Nc1nnc(-c2ccc([N+](=O)[O-])o2)o1
0,0,TOX28793,C[C@@H](N)C(=O)c1ccccc1
0,0,TOX956,O=[N+]([O-])c1cc([As](=O)(O)O)ccc1O
0,0,TOX26924,COC(=O)CCC[N+](C)(C)C
0,0,TOX26257,S=C1SCN(Cc2ccccc2)CN1Cc1ccccc1
0,0,TOX830,COc1c2occc2cc2ccc(=O)oc12
1,1,TOX3667,C#C[C@]1(O)CC[C@H]2[C@H]3[C@H](CC[C@@]21C)C1=C(CC(=O)CC1)C[C@H]3C
0,0,TOX21440,CCC(C)COC(=O)CC(C)C
0,0,TOX27133,CC1=NC(C)OC1C
0,0,TOX24764,CC(C)C(=O)OCCc1ccccc1
0,0,TOX24369,CN(C)c1ccncc1
0,0,TOX24760,Cl[Nd](Cl)Cl
0,0,TOX25673,CC[C@H](NC(C)C)[C@H](O)c1ccc(O)c2[nH]c(=O)ccc12
0,0,TOX7975,C=C(C)C(=O)OCCCCCCCCCCCCCCCCCC
0,0,TOX27305,CNC(=O)[C@H]1O[C@@H](n2cnc3c(NCc4cc(Cl)ccc4OCc4cc(C)no4)ncnc32)[C@H](O)[C@@H]1N
0,0,TOX1132,Nc1ccc(Nc2ccccc2)cc1
0,1,TOX12751,N=C1NC(=N)c2cc3ccccc3cc21
0,0,TOX10698,OC[C@H]1O[C@@H]2O[C@@H]3[C@@H](CO)O[C@H](O[C@@H]4[C@@H](CO)O[C@H](O[C@@H]5[C@@H](CO)O[C@H](O[C@@H]6[C@@H](CO)O[C@H](O[C@@H]7[C@@H](CO)O[C@H](O[C@H]1[C@H](O)[C@H]2O)[C@H](O)[C@H]7O)[C@H](O)[C@H]6O)[C@H](O)[C@H]5O)[C@H](O)[C@H]4O)[C@H](O)[C@H]3O
0,0,TOX7527,BrC1CCC(Br)C(Br)CCC(Br)C(Br)CCC1Br
1,1,TOX26647,C[C@]12C[C@H](O)[C@H]3[C@@H](CCC4=CC(=O)CC[C@@]43C)[C@@H]1CC[C@]2(O)C(=O)COP(=O)([O-])[O-]
0,0,TOX27136,Fc1c(F)c(F)c(Br)c(F)c1F
0,0,TOX646,c1ccoc1
0,0,TOX1824,Oc1ccc(Cl)cc1Cc1cc(Cl)ccc1O
0,0,TOX367,N[C@@H](CS)C(=O)O
0,0,TOX26768,O=C1C(I)=CC(=C(c2cc(I)c([O-])c(I)c2)c2ccccc2C(=O)[O-])C=C1I
0,0,TOX328,O=C1c2cccc(O)c2C(=O)c2c(O)cccc21
0,0,TOX28719,CCOC(=O)OCC/C(SC(=O)OCC)=C(\C)N(C=O)Cc1cnc(C)nc1N
0,0,TOX28826,COc1ccc2[nH]cc(CCN(C(C)C)C(C)C)c2c1
0,0,TOX24631,CC(=O)CC(=O)Nc1ccc2[nH]c(=O)[nH]c2c1
0,0,TOX27030,C[C@@H](O)C(=O)O
0,1,TOX2959,CCCCC(CC)COC(=O)CC(C(=O)OCC(CC)CCCC)S(=O)(=O)[O-]
0,0,TOX29273,CCCCCCCCCCCCCCCCI
0,0,TOX26502,NC1=NCC2c3ccccc3Cc3ccccc3N12
0,0,TOX26925,C[N+]1(CC2COC(c3ccccc3)(C3CCCCC3)O2)CCCCC1
0,0,TOX306,ClC(Cl)Cl
0,0,TOX25687,CCN1CCC[C@H]1CNC(=O)c1c(O)c(Cl)cc(Cl)c1OC
0,0,TOX3950,CCCCN(CCCC)SN(C)C(=O)Oc1cccc2c1OC(C)(C)C2
0,0,TOX7099,CCCCCCCC/C=C\CCCCCCCC(=O)OCCCC
0,0,TOX26430,C[C@@H](O)[C@H]1C(=O)N2C(C(=O)O)=C([C@H]3CCCO3)S[C@H]12
1,1,TOX25367,C[C@]12CC[C@H]3[C@@H](CC[C@H]4C[C@@H]5S[C@@H]5C[C@@]43C)[C@@H]1CC[C@@H]2O
0,0,TOX2861,CC1(C)S[C@@H]2[C@H](NC(=O)C3(N)CCCCC3)C(=O)N2[C@H]1C(=O)O
0,0,TOX20716,CCC(C)(C)C1CCC(O)CC1
0,0,TOX27159,Cc1ccc(OC(=O)CC(C)C)cc1
0,0,TOX24875,CN(C)CCN(C)CCO
0,0,TOX27637,CCCCCC/C=C/C(=O)OC
0,0,TOX25141,CN(C)CCOC(=O)COc1ccc(Cl)cc1
0,0,TOX24994,CCc1ccc2c(c1)C(=O)c1ccccc1C2=O
0,0,TOX24835,N#Cc1ccc(CC(=O)c2cccc(C(F)(F)F)c2)cc1
0,0,TOX24371,O=S(=O)(O)CCCN1CCOCC1
0,0,TOX155,S=C=NCc1ccccc1
0,0,TOX5429,Oc1ccc2cc(SSc3ccc4cc(O)ccc4c3)ccc2c1
0,0,TOX7502,Cc1cc(=O)nc(C(C)C)[nH]1
0,0,TOX24446,C[N+](C)(C)CC(=O)O
0,0,TOX28739,COc1ccc(CNCC(O)COc2ccc3[nH]c(=O)ccc3c2)cc1OC
0,0,TOX161,c1ccc(-c2ccccc2)cc1
0,0,TOX3296,CN(C)c1ccc2nc3ccc(N(C)C)cc3[s+]c2c1
0,0,TOX29387,O=C(O)c1c2ccccc2cc2ccccc12
0,0,TOX703,NN
0,0,TOX6183,CCCCN(CCCC)CCCC
0,0,TOX29006,CNC(=N)NC(=O)Nc1c(C)cccc1C
0,0,TOX27584,CCCCCC(=O)OCCc1ccccc1
0,0,TOX1868,Cc1ccc(C)cc1
0,0,TOX1807,Cc1ccccc1C
0,0,TOX22007,CCCCCC[C@@H](O)C/C=C\CCCCCCCC(=O)OCC(O)CO
0,0,TOX27655,CCCCCCCC#N
0,0,TOX14816,CNC(=O)/C=C(\C)OP(=O)(OC)OC
0,0,TOX7036,CC(C)(CO)CO
0,0,TOX29089,CCn1cc[n+](C)c1C.O=S(=O)([O-])C(F)(F)F
0,0,TOX20693,CC(=O)O[C@H](CC(=O)[O-])C[N+](C)(C)C
1,0,TOX25905,CC(=O)OCC(=O)[C@@]12OC3(CCCC3)O[C@@H]1C[C@H]1[C@@H]3CCC4=CC(=O)C=C[C@]4(C)[C@@]3(F)[C@@H](O)C[C@@]12C
0,0,TOX25802,OC(CCN1CCCCC1)(c1ccccc1)C1CCCCC1
,0,TOX25755,O=c1[nH]c(=O)n([C@H]2C[C@H](O)[C@@H](CO)O2)cc1/C=C/Br
0,0,TOX26507,CCN(CC)CCOc1ccc(C(O)(Cc2ccc(Cl)cc2)c2ccc(C)cc2)cc1
0,0,TOX27360,CCOC(=O)COc1ccc2c(c1)CC(NCC(O)c1cccc(Cl)c1)CC2
0,0,TOX20776,O=c1c(O)c(-c2ccc(O)cc2O)oc2cc(O)cc(O)c12
1,1,TOX202,CCC[C@@H]1O[C@@H]2C[C@H]3[C@@H]4CCC5=CC(=O)C=C[C@]5(C)[C@H]4[C@@H](O)C[C@]3(C)[C@]2(C(=O)CO)O1
0,0,TOX5824,Cl[Pd]Cl
0,0,TOX22187,CCCCNC(=S)NCCCC
0,1,TOX29297,Cc1cccc2c1cc1ccc3cccc4ccc2c1c34
1,1,TOX714,C[C@]12C[C@H](O)[C@H]3[C@@H](CCC4=CC(=O)CC[C@@]43C)[C@@H]1CC[C@]2(O)C(=O)CO
0,0,TOX28929,COC(=O)CCc1ccc(OCC(O)CNC(C)C)cc1
1,1,TOX25371,CC(=O)[C@H]1CC[C@H]2[C@@H]3C[C@H](C)C4=CC(=O)CC[C@]4(C)[C@H]3[C@@H](O)C[C@]12C
0,0,TOX582,CCOc1ccc2c(c1)C(C)=CC(C)(C)N2
0,0,TOX4937,c1ccc2c(c1)Oc1ccccc1S2
0,0,TOX25864,Cc1cc(-c2ccccc2)nnc1NCCN1CCOCC1
0,0,TOX24767,OCCc1ccccn1
0,0,TOX6450,CCO[Si](OCC)(OCC)OCC
0,0,TOX28556,CCC(CN)CC(C)CCNCC(O)CNCC(C)CC(CC)CN
0,0,TOX668,O=S1OCCO1
0,0,TOX28597,Cc1cc(O)c2c(O)c3c(O)cccc3cc2c1
0,0,TOX134,O=Cc1ccccc1
0,0,TOX5079,CC(C)CNCC(C)C
0,0,TOX4997,O=[N+]([O-])c1cccc(Cl)c1Cl
0,0,TOX28909,CO[C@H]1CC(O[C@H]2C[C@H]([C@H]3O[C@](C)(O)[C@H](C)C[C@@H]3C)O[C@H]2[C@]2(C)CC[C@H]([C@]3(C)CC[C@]4(C[C@H](O)[C@@H](C)[C@@H]([C@@H](C)[C@@H]5O[C@](O)(CC(=O)[O-])[C@@H](C)[C@H](OC)[C@H]5OC)O4)O3)O2)O[C@@H](C)[C@@H]1OC
,0,TOX23915,CCCCCC(=O)O[C@]1(C(C)=O)CC[C@H]2[C@@H]3CCC4=CC(=O)CC[C@]4(C)[C@H]3CC[C@@]21C
0,0,TOX26230,Cc1ccccc1OCC(O)CNCCOc1ccc(C(N)=O)cc1
0,0,TOX1708,O=C([O-])c1ccccc1O
0,0,TOX24877,CCC(=O)Nc1cccc(N)c1
0,0,TOX25800,COc1ccc(CCNC[C@H](O)c2ccc(O)cc2)cc1OC
0,1,TOX139,c1ccc2c(c1)cc1ccc3cccc4ccc2c1c34
0,0,TOX7955,C=CC(=O)OCCCCCC(C)C
0,0,TOX5391,C/C=C/C=C/C=O
0,0,TOX27088,CC1=C(CC=O)C(C)(C)CCC1
0,0,TOX766,CC(C)OC(=O)Nc1ccccc1
0,0,TOX28794,CCN[C@@H](C)Cc1ccccc1
0,0,TOX3370,COCCOC(=O)C1=C(C)NC(C)=C(C(=O)OC(C)C)C1c1cccc([N+](=O)[O-])c1
0,0,TOX1446,Cc1cccc(C)c1
0,0,TOX22181,CC(=O)Nc1ccc(C)c(Cl)c1
0,0,TOX24870,C=C(C)C(=O)OCCCCOC(=O)C(=C)C
1,1,TOX28889,OC[C@H]1O[C@H](O[C@@H]2[C@@H](CO)O[C@H](O[C@@H]3[C@@H](CO)O[C@H](O)[C@H](O)[C@H]3O)[C@H](O)[C@H]2O)[C@H](O)[C@@H](O)[C@@H]1O
1,0,TOX28923,CN1CC[C@@]23CCCC[C@@H]2[C@@H]1Cc1ccc(O)cc13
1,1,TOX573,C[C@]12CC[C@@H]3c4ccc(O)cc4CC[C@H]3[C@@H]1CC[C@@H]2O
0,0,TOX5595,C=CC(=O)NCNC(=O)C=C
0,0,TOX580,CCOc1ccc(NC(N)=O)cc1
1,0,TOX118,[N-]=[N+]=CC(=O)OC[C@H](N)C(=O)O
0,0,TOX21529,CC(=O)Nc1ccc(S(N)(=O)=O)cc1
0,0,TOX28712,O=C(N[C@@H]1N=C(c2ccccc2F)c2cccc3c2N(CC3)C1=O)c1cc2ccccc2[nH]1
0,0,TOX25089,NS(=O)(=O)c1ccc(C(=O)O)cc1
0,0,TOX1821,CCC(C)=NO
0,0,TOX26034,C[C@H]1O[C@H](O[C@@H]2[C@@H](CO)O[C@H](O[C@@H]3[C@@H](CO)O[C@@H](O)[C@H](O)[C@H]3O)[C@H](O)[C@H]2O)[C@H](O)[C@@H](O)[C@@H]1N[C@H]1C=C(CO)[C@@H](O)[C@H](O)[C@H]1O
0,0,TOX347,CCOP(=S)(OCC)Oc1ccc2c(C)c(Cl)c(=O)oc2c1
1,1,TOX3302,CC(=O)OCC(=O)[C@@]1(O)CC[C@H]2[C@@H]3C[C@H](C)C4=CC(=O)C=C[C@]4(C)[C@H]3[C@@H](O)C[C@@]21C
0,0,TOX899,O=[Mo](=O)=O
0,0,TOX24817,CC1C2CC(CC2C2CCCC(O)C2)C1(C)C
0,0,TOX2525,CCCCC(CC)COC(=O)c1ccc(O)cc1
0,0,TOX2528,CCOC(=O)c1ccc(O)cc1
0,0,TOX26076,CCCc1nn(C)c2c(=O)[nH]c(-c3cc(S(=O)(=O)N4CCN(C)CC4)ccc3OCC)nc12.O=C(O)CC(O)(CC(=O)O)C(=O)O
0,0,TOX6265,CCCCC(CC)COC(=O)c1ccc(C(=O)OCC(CC)CCCC)c(C(=O)OCC(CC)CCCC)c1
0,0,TOX340,[Co+2]
0,0,TOX71,Nc1ccc(-c2ccccc2)cc1
0,0,TOX1654,O=C(O)CCCC(=O)O
0,0,TOX25127,C=CCc1ccccc1OCC(O)CNC(C)C
0,0,TOX6031,CCCCCCCCCCCCOS(=O)(=O)[O-]
0,0,TOX3028,CC(O)(P(=O)(O)O)P(=O)(O)O
0,0,TOX28774,CC(=O)O[C@@H]1C(=O)O[C@H]2[C@@H](OC(C)=O)C(=O)O[C@@H]12
0,0,TOX2748,N[C@@H](C(=O)N[C@@H]1C(=O)N2C(C(=O)O)=C(Cl)CS[C@H]12)c1ccccc1
0,0,TOX28492,O=C(NS(=O)(=O)/C=C/c1cccs1)c1ccc(F)cc1Br
0,0,TOX17734,CCCCCCCCCCCCCCC(Br)C(=O)O
0,0,TOX7528,CSCCC=O
1,1,TOX2370,CC(=O)[C@H]1CC[C@H]2[C@@H]3CCC4=CC(=O)CC[C@]4(C)[C@H]3CC[C@]12C
0,0,TOX4814,Cc1ccc(Cl)cc1
0,0,TOX28796,C[C@H]1N=C(N)O[C@H]1c1ccccc1
0,0,TOX1576,CC(=O)C(Cl)Cl
0,0,TOX28885,CC(=O)NC(CCC(N)=O)C(=O)O
0,0,TOX3378,NC[C@H](O)c1ccc(O)c(O)c1
0,0,TOX21530,CCCCC(CC)CCC(CC(C)C)OS(=O)(=O)[O-]
0,0,TOX6418,CC(C)(C)S
0,0,TOX3122,CN1C(=O)C(C)(C2=CCCCC2)C(=O)N=C1O
0,0,TOX20757,CC1(COc2ccc(CC3SC(=O)NC3=O)cc2)CCCCC1
0,0,TOX442,O=C(O)COc1ccc(Cl)cc1Cl
0,0,TOX24914,O=C(O)c1cc(Cl)cc(Cl)c1O
0,0,TOX12516,CCCCCCCCSCCO
0,0,TOX9211,O=C(O)c1ccc2cc(C(=O)O)ccc2c1
0,0,TOX541,O=C1NC(=O)C(c2ccccc2)(c2ccccc2)N1
0,0,TOX24935,CC(=O)O[Cr](O)OC(C)=O.CC(=O)O[Cr](O)OC(C)=O.CC(=O)O[Cr](OC(C)=O)OC(C)=O
0,1,TOX3128,CCN(CC)CCNc1ccc(CO)c2sc3ccccc3c(=O)c12
1,0,TOX25354,CN[C@H](CC(C)C)C(=O)N[C@H]1C(=O)N[C@@H](CC(N)=O)C(=O)N[C@H]2C(=O)N[C@H]3C(=O)N[C@H](C(=O)N[C@@H](C(=O)O)c4cc(O)cc(O)c4-c4cc3ccc4O)[C@H](O)c3ccc(c(Cl)c3)Oc3cc2cc(c3O[C@@H]2O[C@H](CO)[C@@H](O)[C@H](O)[C@H]2O[C@H]2C[C@](C)(N)C(O)[C@H](C)O2)Oc2ccc(cc2Cl)[C@H]1O
0,0,TOX25601,CCCCCCC[N+](CC)(CC)CCCCc1ccc(Cl)cc1
0,0,TOX27874,C=C1C[C@]23CC[C@@H]4[C@](C)(C(=O)O[C@@H]5O[C@H](CO)[C@@H](O)[C@H](O)[C@H]5O)CCC[C@]4(C)[C@@H]2C[C@@H](O[C@@H]2O[C@H](CO)[C@@H](O)[C@H](O[C@@H]4O[C@H](CO)[C@@H](O)[C@H](O)[C@H]4O)[C@H]2OC2O[C@H](CO)[C@@H](O)[C@H](O)[C@H]2O)[C@@H]1C3
0,0,TOX22180,CNC(=O)Nc1ccc(Cl)c(Cl)c1
0,0,TOX24374,CC(=O)c1ccc(C)cc1
0,0,TOX25120,CC(C)(C)NCC(O)c1ccc(O)c(CO)n1
0,0,TOX12337,CCC(C)Nc1c([N+](=O)[O-])cc(C(C)(C)C)cc1[N+](=O)[O-]
0,1,TOX20672,COC(=O)Nc1nc2cc(Sc3ccccc3)ccc2[nH]1
0,0,TOX28513,CC(C)(S)C(=O)N[C@@H](CS)C(=O)O
,1,TOX28691,CC(=O)[C@@]1(O)CC[C@H]2[C@@H]3CCC4=CC(=O)CC[C@]4(C)C3(F)[C@@H](O)C[C@@]21C
1,0,TOX838,Cc1cccc(/N=N/c2ccc(N(C)C)cc2)c1
0,0,TOX2001,CCOC(C)=O
0,0,TOX5807,CCCCCCCCOc1ccc(C(=O)O)cc1
0,0,TOX1036,CCN(C)N=O
0,0,TOX29278,BrCCOc1ccccc1
1,0,TOX6076,O=C(OC[C@H]1O[C@@H](OC(=O)c2cc(O)c(O)c(OC(=O)c3cc(O)c(O)c(O)c3)c2)[C@H](OC(=O)c2cc(O)c(O)c(OC(=O)c3cc(O)c(O)c(O)c3)c2)[C@@H](OC(=O)c2cc(O)c(O)c(OC(=O)c3cc(O)c(O)c(O)c3)c2)[C@@H]1OC(=O)c1cc(O)c(O)c(OC(=O)c2cc(O)c(O)c(O)c2)c1)c1cc(O)c(O)c(OC(=O)c2cc(O)c(O)c(O)c2)c1
0,0,TOX7019,CCCCCCCCCCCCCC(=O)OC
0,0,TOX4286,CC1CN1
0,0,TOX326,O=[Cr]O[Cr]=O
0,0,TOX2843,CCN(CC)CCOc1ccc(C(=C(Cl)c2ccccc2)c2ccccc2)cc1
0,0,TOX22437,COC(=O)Nc1ccc(Cl)c(Cl)c1
0,0,TOX1709,NC(=O)c1ccccc1
0,0,TOX16690,CC(C)COC(=O)CCCCC(=O)OCC(C)C
0,0,TOX5427,CC(C)(O)C#N
0,0,TOX5422,N#CC(O)c1ccccc1
0,0,TOX4052,CC1=C(C)S(=O)(=O)CCS1(=O)=O
0,0,TOX14872,Nc1cnn(-c2ccccc2)c(=O)c1Cl
0,0,TOX28494,CS(=O)(=O)c1ccc([C@@H](C[C@H]2CCC(=O)C2)C(=O)Nc2cnccn2)cc1Cl
0,0,TOX3067,CNCCC(Oc1ccc(C(F)(F)F)cc1)c1ccccc1
0,0,TOX29088,CCCCn1cc[n+](C)c1.O=S(=O)([O-])C(F)(F)F
0,0,TOX24481,O=C1CCCCCN1SSN1CCCCCC1=O
0,0,TOX27832,OC(CCN1CCCCC1)(c1ccccc1)C1CC2C=CC1C2
0,0,TOX25122,CC(N)C(=O)OC(C)(C)Cc1ccc(Cl)cc1
0,0,TOX23938,O=C(O)c1ccccc1C(=O)OCc1ccccc1
0,0,TOX29083,CCC[n+]1ccn(C)c1C.O=S(=O)([N-]S(=O)(=O)C(F)(F)F)C(F)(F)F
0,0,TOX95,O=C1c2ccccc2C(=O)c2ccccc21
0,0,TOX4835,O=CC=Cc1ccccc1
0,0,TOX9277,Nc1c(S(=O)(=O)[O-])cc(Br)c2c1C(=O)c1ccccc1C2=O
0,0,TOX15748,Cl/C=C\C[N+]12CN3CN(CN(C3)C1)C2
0,1,TOX368,COc1ccc(C(=O)/C(Br)=C\C(=O)[O-])cc1
0,0,TOX26712,NC(=O)OC[C@@H]1[C@H](NC(=O)/C(=N\OCC(=O)[O-])c2csc(N)n2)C(=O)N1S(=O)(=O)[O-]
0,0,TOX27538,O=C(OCCCCCOC(=O)c1ccccc1)c1ccccc1
0,0,TOX4532,COc1ccc(N)cc1
0,0,TOX25359,CN1CCCC(CC2c3ccccc3Sc3ccccc32)C1
0,0,TOX7094,CCCCC(CC)COC(=O)/C=C\C(=O)OCC(CC)CCCC
0,0,TOX7032,CC(C)(N)CO
0,0,TOX29383,COc1ccc(C=O)cc1O
0,0,TOX3089,CC[N+](CC)(CC)CCOc1cccc(OCC[N+](CC)(CC)CC)c1OCC[N+](CC)(CC)CC
0,0,TOX4280,CCCC1COC(Cn2cncn2)(c2ccc(Cl)cc2Cl)O1
0,0,TOX28946,NCCC[C@H](N)C(=O)O
0,0,TOX25828,CC1CC(OC(=O)C(O)c2ccccc2)CC(C)(C)N1C
0,0,TOX28633,CCCCCCCCCCCCCCCC(=O)O[C@@H]1CC(C)=C(/C=C/C(C)=C/C=C/C(C)=C/C=C\C=C(C)\C=C\C=C(C)\C=C\C2=C(C)C[C@@H](OC(=O)CCCCCCCCCCCCCCC)CC2(C)C)C(C)(C)C1
0,0,TOX26504,O=C(NC1CCN(CCc2c[nH]c3ccccc23)CC1)c1ccccc1
0,0,TOX24427,O=CN1CCOCC1
0,0,TOX25105,CN(C)CCC=C1c2ccccc2C=Cc2ccccc21
0,0,TOX1340,CC(N)=S
0,0,TOX1344,Nc1ccc(Sc2ccc(N)cc2)cc1
0,0,TOX21442,O=S(=O)([O-])c1ccc2ccccc2c1
0,0,TOX5113,CC(C)CC(C)N
0,0,TOX5640,Cc1cccc(C(=O)O)c1[N+](=O)[O-]
0,0,TOX27131,CC(C)=CCOC(=O)c1ccccc1
0,1,TOX2858,CC(=O)OCC(=O)[C@@]1(O)CC[C@H]2[C@@H]3CCC4=CC(=O)CC[C@]4(C)[C@H]3C(=O)C[C@@]21C
0,0,TOX6208,Oc1cc(Cl)cc(Cl)c1Cl
0,0,TOX29366,COC(=O)c1ccc(CBr)cc1
0,0,TOX27811,CCN(CC)CCOC(=O)C1(c2ccccc2)CCCC1.CCN(CC)CCOC(=O)C1(c2ccccc2)CCCC1.O=S(=O)(O)CCS(=O)(=O)O
0,0,TOX709,NNc1ccc(C(=O)O)cc1
0,0,TOX12129,CC(C)(c1cc(Br)c(OCC(Br)CBr)c(Br)c1)c1cc(Br)c(OCC(Br)CBr)c(Br)c1
0,0,TOX25312,CC1=C2[C@H]3OC(=O)[C@@H](C)[C@@H]3CC[C@@]2(C)C=CC1=O
0,0,TOX25757,CC(C)(C)[C@]1(O)CCN2C[C@H]3c4ccccc4CCc4cccc(c43)[C@@H]2C1
0,0,TOX12379,CSC(=O)c1c(C(F)F)nc(C(F)(F)F)c(C(=O)SC)c1CC(C)C
0,0,TOX25537,CC[C@H]1[C@@H]2C[C@H]3[C@@H]4N(C)c5ccccc5[C@]45C[C@@H](C2[C@H]5O)N3[C@@H]1O
0,0,TOX5743,O=[N+]([O-])c1cccc(CCl)c1
0,0,TOX27422,CCC(=O)C1CC(C(C)C)CC=C1C
0,0,TOX28790,CN[C@@H](C)Cc1ccccc1
0,0,TOX26180,CN1CCN(CCC(=O)N2c3ccccc3Sc3ccc(C(F)(F)F)cc32)CC1
0,0,TOX5279,C=C(C#N)C(=O)OCC
0,0,TOX27092,CC/C=C\CC1=C(C)CCC1=O
0,0,TOX707,NNc1nc(-c2ccccc2)cs1
0,0,TOX445,CC(C)OC(=O)COc1ccc(Cl)cc1Cl
1,1,TOX13512,C[C@]1(O)CC[C@H]2[C@@H]3CCC4=CC(=O)CC[C@]4(C)[C@@]3(F)[C@@H](O)C[C@@]21C
0,0,TOX25144,Cc1cc(N)c2ccccc2[n+]1CCCCCCCCCC[n+]1c(C)cc(N)c2ccccc21
0,0,TOX6882,CCCCCCCC
0,0,TOX5804,C=CCCCCCC
0,0,TOX7175,O=C1CCCc2ccccc21
1,1,TOX2329,C[C@]12CC[C@H]3[C@@H](CCC4=CC(=O)CC[C@@]43C)[C@@H]1CC[C@H]2O
0,1,TOX27775,CC(=O)[C@]1(O)Cc2c(O)c3c(c(O)c2[C@@H](O[C@H]2C[C@H](N)[C@H](O)[C@H](C)O2)C1)C(=O)c1ccccc1C3=O
0,0,TOX12406,CCOP(=O)([O-])C(N)=O
0,0,TOX814,C#C[C@]1(O)CC[C@H]2[C@@H]3CCc4cc(OC)ccc4[C@H]3CC[C@@]21C
0,0,TOX27139,O=C1CCCC=CCCCCCCCCCC1
0,0,TOX1358,Cc1ccc(S(=O)(=O)NC(=O)NN2CCCCCC2)cc1
0,0,TOX18725,CCCCCCCCCCCCCCBr
0,0,TOX21426,C1=COCCC1
0,0,TOX27158,CCCCCC(C)O
0,0,TOX24993,CC(C)(C1CCC(O)CC1)C1CCC(O)CC1
0,0,TOX540,O=C(Oc1ccccc1)Oc1ccccc1
1,1,TOX26201,C[C@H]1CN(c2c(F)c(F)c3c(=O)c(C(=O)O)cn(C4CC4)c3c2F)C[C@@H](C)N1
0,0,TOX21299,CCCCCCC1(C)CCC(=O)O1
0,0,TOX5866,C[NH+](C)CCC(c1ccccc1)c1cccc[nH+]1
1,1,TOX13664,C[C@]1(O)CC[C@H]2[C@@H]3CCC4=CC(=O)CC[C@]4(C)[C@H]3CC[C@@]21C
0,0,TOX3508,CC[N+]1(CC)CCC(=C(c2ccccc2)c2ccccc2)C1C
0,0,TOX25868,Cc1ccc(C(=O)C(C)CN2CCCCC2)cc1
0,0,TOX21743,Cc1ccccc1/N=N/c1ccc(/N=N/c2c(O)ccc3ccccc23)c(C)c1
0,0,TOX2061,O=Cc1ccc([N+](=O)[O-])cc1
0,0,TOX2975,Cn1c(=O)c2c(ncn2CC(O)CO)n(C)c1=O
0,0,TOX27645,COC(=O)c1ccc(OC)cc1
0,0,TOX21080,CCN(Cc1ccc(Cl)nc1)/C(=C/[N+](=O)[O-])NC
0,0,TOX29386,O=C(CBr)c1ccccc1
0,0,TOX25007,O=[N+]([O-])c1ccc([As](=O)(O)O)cc1
0,0,TOX4287,CCc1cnc(C2=NC(C)(C(C)C)C(=O)N2)c(C(=O)O)c1
0,0,TOX7496,O=C([O-])COc1ccc(Cl)cc1Cl
0,0,TOX25822,CC[C@@H](C)CCCCC(=O)N[C@@H](CCNCS(=O)(=O)[O-])C(=O)N[C@H](C(=O)N[C@@H](CCNCS(=O)(=O)[O-])C(=O)N[C@H]1CCNC(=O)[C@H]([C@@H](C)O)NC(=O)[C@H](CCNCS(=O)(=O)[O-])NC(=O)[C@H](CCNCS(=O)(=O)[O-])NC(=O)[C@H](CC(C)C)NC(=O)[C@@H](CC(C)C)NC(=O)[C@H](CCNCS(=O)(=O)[O-])NC1=O)[C@@H](C)O
0,0,TOX1866,CCCCOC(=O)CCCCC(=O)OCCCC
0,0,TOX7507,COC(=O)c1cccc(Cl)c1
0,0,TOX17754,C=CCOc1nc(OCC=C)nc(OCC=C)n1
0,0,TOX27307,Cc1oc(-c2ccccc2)nc1CCOc1cccc2c1ccn2CCC(=O)O
0,0,TOX24389,COC(C)(C)CCO
0,0,TOX3372,O=C1CN=C(c2ccccc2)c2cc([N+](=O)[O-])ccc2N1
0,0,TOX545,NC(=S)NNC(N)=S
0,0,TOX27694,C=C[C@H]1CN2CCC1C[C@H]2[C@H](O)c1ccnc2ccc(OC)cc12
0,0,TOX28795,CC(Cc1ccccc1)NCCn1cnc2c1c(=O)n(C)c(=O)n2C
0,0,TOX17730,O=C(O)c1cc(O)c2ccccc2c1O
1,0,TOX26433,CN(CCOc1ccc(NS(C)(=O)=O)cc1)CCc1ccc(NS(C)(=O)=O)cc1
0,1,TOX27381,CCCOc1sc(C(=O)N2CCC(c3cc(CN)ccc3F)CC2)c(C)c1Br
0,0,TOX4683,CCCCOC(=O)c1ccccc1N
1,1,TOX384,C[C@@H]1C[C@H]2[C@@H]3CCC4=CC(=O)C=C[C@]4(C)[C@@]3(F)[C@@H](O)C[C@]2(C)[C@@]1(O)C(=O)CO
0,0,TOX4018,COc1c(Cl)ccc(Cl)c1C(=O)O
0,0,TOX20751,CC(C)C[C@H](NC(=O)OCC1c2ccccc2-c2ccccc21)C(=O)O
0,0,TOX3734,CCCC(CCC)C(N)=O
0,0,TOX369,CN(C)N=Nc1nc[nH]c1C(N)=O
0,0,TOX281,O=[N+]([O-])c1ccc(Cl)cc1
0,0,TOX4553,NC(=O)N=NC(N)=O
1,1,TOX274,CC(=O)O[C@]1(C(C)=O)CC[C@H]2[C@@H]3C=C(Cl)C4=CC(=O)CC[C@]4(C)[C@H]3CC[C@@]21C
0,0,TOX27406,C=CCc1ccc(OC(=O)Cc2ccccc2)c(OC)c1
0,0,TOX9733,CC(C)[C@H]1CC[C@H](C)C[C@@H]1O
0,0,TOX26384,COc1ccc(C(=O)N2CCN(CC(=O)N3CCOCC3)CC2)cc1
0,0,TOX22060,CC1(C)[C@@H]2CC[C@@]1(C)[C@H](O)C2
0,0,TOX152,OCc1ccccc1
0,0,TOX1290,Cc1cc(C)nc(NS(=O)(=O)c2ccc(N)cc2)n1
1,1,TOX3422,CC(=O)OCC(=O)[C@@]1(O)[C@H](C)C[C@H]2[C@@H]3C[C@H](F)C4=CC(=O)C=C[C@]4(C)[C@H]3[C@@H](O)C[C@@]21C
0,0,TOX24747,CCCCNP(N)(N)=S
0,1,TOX276,O=C1OC(O)C(C(Cl)Cl)=C1Cl
0,0,TOX1867,Nc1ccc(Br)cc1
0,0,TOX26182,CCN(CC)CCOc1ccc2nc(N(C)C)sc2c1
0,0,TOX2520,CCOC(=O)C=Cc1ccccc1
0,1,TOX6107,C=CC(=O)OCCOCCOCCOCCOC(=O)C=C
0,0,TOX28755,CC(=O)c1ccc(OCC(=O)N2CCCCC2)cc1
0,0,TOX2256,CC(=O)c1ccc(Cl)c(Cl)c1Cl
0,0,TOX898,CO[C@@]12[C@H](COC(N)=O)C3=C(C(=O)C(C)=C(N)C3=O)N1C[C@@H]1N[C@@H]12
0,0,TOX5590,CC1CCCC1
0,0,TOX25865,CC(=O)Nc1ccc(OC(=O)c2ccccc2O)cc1
0,0,TOX26266,CC(C)(C)OC(=O)c1ncn2c1[C@@H]1CCCN1C(=O)c1c(Br)cccc1-2
0,0,TOX26017,CCC(COC(=O)c1cc(OC)c(OC)c(OC)c1)(c1ccccc1)N(C)C
0,0,TOX24196,Clc1ccc2c(c1)CCc1cccnc1C2=C1CCNCC1
0,0,TOX29359,O=C1c2ccccc2CCc2ccccc21
0,1,TOX27347,CCN(CC)CCNc1ccc(CNC=O)c2sc3ccc(OC)cc3c(=O)c12
0,0,TOX4855,COc1cc(N)ccc1C
0,0,TOX28797,CCN[C@@H](C)Cc1cccc(C(F)(F)F)c1
1,1,TOX26480,Cc1oc(=O)oc1CN1CCN(c2cc3c(cc2F)c(=O)c(C(=O)O)c2n3C(C)S2)CC1
0,0,TOX26013,OC[C@H]1OC(S[Au])[C@H](O)[C@@H](O)[C@@H]1O
0,1,TOX5045,C=CC(=O)OCCOCCOC(=O)C=C
0,0,TOX27034,CC/C=C\CC/C=C/C(OCC)OCC
0,0,TOX29274,Cn1cnc2c(=O)nc(N)[nH]c21
0,0,TOX6241,CC1CC(OC(=O)c2ccccc2O)CC(C)(C)C1
0,0,TOX28552,CCCCOC(=O)C(=O)Nc1cccc(-c2nnn[nH]2)c1
1,1,TOX28612,CC(=O)OCC(=O)[C@@]1(O)CCC2C3CCC4=CC(=O)CC[C@]4(C)C3[C@@H](O)C[C@@]21C
1,0,TOX25534,CC1(C)O[C@@H]2C[C@H]3[C@@H]4C[C@H](F)C5=CC(=O)C=C[C@]5(C)[C@H]4[C@@H](O)C[C@]3(C)[C@]2(C(=O)CO)O1
0,0,TOX5220,CCCCCCCCCCCCS
0,0,TOX2825,COc1cc(N)c(Cl)cc1C(=O)NC1CCN(CCCOc2ccc(F)cc2)CC1OC
0,0,TOX2174,CCOP(=S)(Oc1ccc([N+](=O)[O-])cc1)c1ccccc1
1,1,TOX25907,CCC(=O)O[C@]1(C(=O)CCl)[C@@H](C)C[C@H]2[C@@H]3CCC4=CC(=O)C=C[C@]4(C)[C@@]3(F)[C@@H](O)C[C@@]21C
1,1,TOX3004,CCCCC(=O)O[C@H]1CC[C@H]2[C@@H]3CCc4cc(O)ccc4[C@H]3CC[C@]12C
0,0,TOX27631,C/C=C/C=C/CO
0,0,TOX7870,CCCCCCCCCCC=CC1CC(=O)OC1=O
1,1,TOX25646,CC(=O)OCC(=O)[C@@]1(OC(C)=O)[C@@H](C)C[C@H]2[C@@H]3C[C@H](F)C4=CC(=O)C=C[C@]4(C)[C@@]3(F)[C@@H](O)C[C@@]21C
0,0,TOX28536,CCCCc1cc2c(=O)c(C(=O)OC)c[nH]c2cc1OCc1ccccc1
0,0,TOX21708,Cc1ccc(N=Nc2c(O)ccc(N=Nc3ccc(S(=O)(=O)[O-])cc3)c2O)c(C)c1
1,1,TOX16515,CCC(=O)O[C@H]1CC[C@H]2[C@@H]3CCC4=CC(=O)CC[C@]4(C)[C@H]3CC[C@]12C
0,0,TOX25530,CCN[C@H]1C[C@H](C)S(=O)(=O)c2sc(S(N)(=O)=O)cc21
0,0,TOX28758,c1ccc2c(CCC3CCNCC3)c[nH]c2c1
0,0,TOX27098,CC(CC=O)c1ccccc1
0,0,TOX24443,CCCC[N+](C)(CCCC)CCCC
0,0,TOX7543,CCN(O)CC
0,0,TOX9250,C=CC1CC2C=CC1C2
0,0,TOX22005,CCCCCCCCCCCCCC(=O)OCC(O)CO
0,0,TOX2800,NS(=O)(=O)c1cc2c(cc1Cl)N=CNS2(=O)=O
0,0,TOX18700,COc1cc([N+](=O)[O-])ccc1N
0,0,TOX3523,CC(C)c1cccc(C(C)C)c1O
0,0,TOX360,c1ccc2sc(SNC3CCCCC3)nc2c1
0,0,TOX21421,COc1cc(OC)c2ccc(=O)oc2c1
1,1,TOX27429,C[C@@H]1C[C@H]2[C@@H]3CCC4=CC(=O)C=C[C@]4(C)[C@@]3(F)[C@@H](O)C[C@]2(C)[C@@]1(O)C(=O)COP(=O)([O-])[O-]
0,0,TOX27871,CC1CCC(C(C)C)C(OC(=O)c2ccccc2N)C1
0,0,TOX5768,N#CCc1ccccc1[N+](=O)[O-]
0,0,TOX6132,Cn1cnc2c1c(=O)[nH]c(=O)n2C
0,0,TOX859,CC(O)c1ccccc1
0,0,TOX22613,CCN1CCCC1CNC(=O)c1cc(S(=O)(=O)CC)c(N)cc1OC
0,0,TOX24990,C=C(C)C(=O)OC1CC(C)CC(C)(C)C1
0,0,TOX24930,NS(=O)(=O)c1ccccc1OC(F)(F)F
0,0,TOX25128,COc1ccc(C(=O)N2CCCC2=O)cc1
0,0,TOX27833,CN(C)[C@@H]1C(O)=C(C(=O)NCN2CCCC2)C(=O)[C@@]2(O)C(O)=C3C(=O)c4c(O)cccc4[C@@](C)(O)C3C[C@@H]12
0,0,TOX29064,Cc1nc2ccccc2s1
0,0,TOX1889,CC(=O)CC(C)C
0,0,TOX409,c1ccc2c(c1)ccc1cc3c(ccc4ccccc43)cc12
0,0,TOX15160,CC(=O)/C=C/C1C(C)=CCCC1(C)C
0,0,TOX25753,CC(C)NC[C@@H](O)COc1ccc(CC(N)=O)cc1
0,0,TOX28942,CCN(CC)CCNC(=O)c1ccc(NS(C)(=O)=O)cc1
0,0,TOX3549,C=C[C@H]1CN2CCC1C[C@@H]2[C@@H](O)c1ccnc2ccc(OC)cc12
0,0,TOX20540,COC(=O)[C@@H](N)CCCN/C(N)=N/[N+](=O)[O-]
0,0,TOX29066,O=CC=C(c1ccccc1)c1ccccc1
0,0,TOX878,Cc1ccc2ccccc2c1
0,0,TOX4091,CCCN(CCC)C(=O)SCC
0,0,TOX27526,CCCCCCCCCCCCCCCS(=O)(=O)Oc1ccccc1
0,0,TOX26413,CN1C(=O)/C(=N/NC(N)=S)c2ccccc21
0,0,TOX26038,C/C=C1\[C@H]2C=C(C)C[C@]1(N)c1ccc(=O)[nH]c1C2
0,0,TOX1232,O=S(=O)([O-])c1ccc2c(/N=N\c3ccc(S(=O)(=O)[O-])c4ccccc34)c(O)c(S(=O)(=O)[O-])cc2c1
0,0,TOX15592,CCCCCCCC/C=C/CCCOC(C)=O
0,0,TOX117,Nc1cnn([C@@H]2O[C@H](CO)[C@@H](O)[C@H]2O)c(=O)n1
0,0,TOX9559,O=C1C(N(CO)C(=O)NCO)N(CO)C(=O)N1CO
0,0,TOX1749,C[N+](C)(C)C
0,0,TOX7544,CC=CC(=O)O
0,0,TOX24404,OCCSSCCO
0,0,TOX91,Nc1ccccc1
0,0,TOX22234,CCCCCCCCO[C@@H]1O[C@H](CO)[C@@H](O)[C@H](O)[C@H]1O
0,0,TOX4702,CC(C)(C)c1ccc(OCC2CO2)cc1
0,0,TOX1218,O=c1c(O)c(-c2ccc(O)c(O)c2)oc2cc(O)cc(O)c12
0,0,TOX427,Nc1cc(Cl)c(N)c(Cl)c1
0,1,TOX24779,C=CC(=O)OCCCCOC(=O)C=C
0,0,TOX21180,CCn1cc[n+](C)c1
0,0,TOX12535,CCOC(=O)C1CC(=O)C(=C(O)C2CC2)C(=O)C1
0,0,TOX17565,Cc1ccccc1C(=O)Nc1cccc(OC(C)C)c1
0,1,TOX811,[Hg+2]
0,0,TOX5764,O=[N+]([O-])c1ccc(CCO)cc1
0,0,TOX20711,CCOC(=O)c1ccccc1C
0,0,TOX2906,CC(C)(CO)[C@@H](O)C(=O)NCCCO
0,1,TOX10777,Cc1c(O)cccc1C(=O)N[C@@H](CSc1ccccc1)[C@H](O)CN1C[C@H]2CCCC[C@H]2C[C@H]1C(=O)NC(C)(C)C
0,0,TOX4600,C[N+](C)(C)Cc1ccccc1
1,0,TOX28778,Cc1ccc2c(n1)Oc1ccc(C(C)C(=O)OCC(=O)N(C)C)cc1C2
0,0,TOX26751,C=C[C@]1(C)C[C@@H](OC(=O)CSC(C)(C)CNC(=O)[C@H](N)C(C)C)[C@]2(C)[C@H](C)CC[C@]3(CCC(=O)[C@H]32)[C@@H](C)[C@@H]1O
0,0,TOX930,CN1CCC[C@H]1c1cccnc1
0,0,TOX20679,CC(C)Oc1ccc2c(=O)c(-c3ccccc3)coc2c1
0,0,TOX25847,CC(=O)Nc1cc([As](=O)(O)O)ccc1O
0,0,TOX13469,C[C@@H]1O[C@@H](O[C@@H]2[C@@H](O)[C@H](OCCc3ccc(O)c(O)c3)O[C@H](CO[C@@H]3O[C@H](CO)[C@@H](O)[C@H](O)[C@H]3O)[C@H]2OC(=O)/C=C/c2ccc(O)c(O)c2)[C@H](O)[C@H](O)[C@H]1O
0,0,TOX28559,COc1ccc(CCNCC(O)COc2cccc(C)c2)cc1OC
0,0,TOX12417,CCOP(=S)(NC(C)C)Oc1ccccc1C(=O)OC(C)C
0,0,TOX12470,CCNP(=S)(OC)O/C(C)=C/C(=O)OC(C)C
1,1,TOX3352,CCCCCCCCCC(=O)O[C@H]1CC[C@H]2[C@@H]3CCC4=CC(=O)CC[C@@H]4[C@H]3CC[C@]12C
0,0,TOX12759,Oc1ccc(O)c2c(O)cccc12
1,0,TOX3316,CC1(C)S[C@@H]2[C@H](NC(=O)[C@H](NC(=O)N3CCN(S(C)(=O)=O)C3=O)c3ccccc3)C(=O)N2[C@H]1C(=O)O
0,0,TOX1869,Cc1ccc(O)cc1
0,1,TOX21897,[O-][n+]1ccccc1SSc1cccc[n+]1[O-]
1,1,TOX3000,CCC(=O)Oc1ccc2c(c1)CC[C@@H]1[C@@H]2CC[C@]2(C)[C@@H](OC(=O)CC)CC[C@@H]12
0,0,TOX28715,CCC(C(=O)NC(=O)NC(C)=O)c1ccccc1
0,0,TOX767,CC=Cc1ccc2c(c1)OCO2
0,0,TOX32,NC(=O)CCCCC(N)=O
0,0,TOX21721,O=C1c2ccccc2C(=O)C1c1ccc2cc(S(=O)(=O)[O-])cc(S(=O)(=O)[O-])c2n1
0,1,TOX5342,N#C/C=C/C#N
0,0,TOX13979,C[C@H](CCC(=O)[O-])[C@H]1CC[C@H]2[C@H]3[C@H](C[C@H](O)[C@@]21C)[C@@]1(C)CC[C@@H](O)C[C@H]1C[C@H]3O
0,0,TOX2008,CCCCCCCCCO
0,0,TOX26229,CC(=O)Nc1ccc(OCCOCCOc2ccc(NC(C)=O)cc2)cc1
0,1,TOX26274,CC(O)C(=O)O.CCOc1ccc2nc3cc(N)ccc3c(N)c2c1
0,0,TOX889,C=Cc1ccc(C)cc1
1,1,TOX2974,CC(=O)[C@H]1CC[C@H]2[C@@H]3C=CC4=CC(=O)CC[C@@]4(C)[C@@H]3CC[C@]12C
0,0,TOX21125,[Na]I
0,0,TOX327,[Cr+3]
0,0,TOX22514,OC[C@H](O)[C@@H](O)[C@H](O)CO
0,0,TOX6266,O=c1n(CCO)c(=O)n(CCO)c(=O)n1CCO
0,0,TOX3735,CCCCC(=O)N(Cc1ccc(-c2ccccc2-c2nnn[nH]2)cc1)[C@@H](C(=O)O)C(C)C
0,0,TOX26523,O=C(O)[C@H](O)c1ccccc1
0,0,TOX27038,CCc1ccc(O)c(OC)c1
0,0,TOX28756,O=C(O)Cc1ccccc1Oc1ccc(Cl)cc1Cl
0,0,TOX28717,Nc1ccn(C2CO[C@H](CO)O2)c(=O)n1
0,0,TOX21987,O=C1C(Cl)C(CCl)CN1c1cccc(C(F)(F)F)c1
0,0,TOX1802,C1CCC(C2CCCCC2)CC1
0,0,TOX6139,S=C(Nc1ccccc1)Nc1ccccc1
0,1,TOX278,O=[N+]([O-])c1ccc(Cl)c([N+](=O)[O-])c1
0,0,TOX5425,NO
0,0,TOX24424,NCc1cccnc1
0,0,TOX1440,C=CN1CCCC1=O
0,0,TOX1557,BrCBr
0,0,TOX423,O=C/C(Cl)=C(/Cl)C(=O)O
0,0,TOX27651,CCCCCCCCC(=O)OCC
0,0,TOX21446,OC1CCCCC1c1ccccc1
0,0,TOX7249,O=Cc1ccc(C(=O)O)cc1
1,1,TOX20438,CC(C)(CO)[C@@H](O)C(=O)NCCC(=O)[O-].CC(C)(CO)[C@@H](O)C(=O)NCCC(=O)[O-]
0,0,TOX466,CCNC(=S)NCC
0,0,TOX28903,CCC(C)[C@H]1O[C@]2(C=C[C@@H]1C)C[C@@H]1C[C@@H](CC=C(C)[C@@H](O[C@H]3C[C@H](OC)[C@@H](O[C@H]4C[C@H](OC)[C@H](NC(C)=O)[C@H](C)O4)[C@H](C)O3)[C@@H](C)C=CC=C3CO[C@@H]4[C@H](O)C(C)=C[C@@H](C(=O)O1)[C@]34O)O2
0,0,TOX26267,CN1C(=S)CN=C(c2ccccc2)c2cc(Cl)ccc21
0,0,TOX6261,O=P(OC(CCl)CCl)(OC(CCl)CCl)OC(CCl)CCl
0,0,TOX26051,OC[C@H](O)[C@@H](O)[C@@H](O)[C@H](O)CO
0,0,TOX24617,N#CCc1cccc(C(F)(F)F)c1
0,0,TOX3020,CCN1C(=O)NC(c2ccccc2)C1=O
0,0,TOX27611,CCCC1CCC(=O)O1
1,1,TOX25460,C[C@@H]1C[C@H]2[C@@H]3C[C@H](F)C4=CC(=O)C=C[C@]4(C)[C@@]3(Cl)[C@@H](O)C[C@]2(C)[C@H]1C(=O)COC(=O)C(C)(C)C
0,0,TOX27173,CC(C)(CO)[C@@H](O)C(=O)NCCC(=O)[O-]
0,0,TOX10047,Brc1cc(Br)c(Oc2cc(Br)c(Br)cc2Br)cc1Br
0,0,TOX4786,O=C(C=Cc1ccc(O)c(O)c1)O[C@@H]1C[C@](O)(C(=O)O)C[C@@H](O)[C@H]1O
0,0,TOX27447,NNC(=O)OCc1ccccc1
0,0,TOX9688,[Fe+2]
0,0,TOX27243,CC1(C)[C@@H](O[C@H]2O[C@H](C(=O)O)[C@@H](O)[C@H](O)[C@H]2O[C@@H]2O[C@H](C(=O)[O-])[C@@H](O)[C@H](O)[C@H]2O)CC[C@@]2(C)[C@H]1CC[C@]1(C)[C@@H]2C(=O)C=C2[C@@H]3C[C@@](C)(C(=O)O)CC[C@]3(C)CC[C@]21C
0,0,TOX7302,O=C(Cl)c1c(Cl)c(Cl)c(C(=O)Cl)c(Cl)c1Cl
0,0,TOX5406,C=C(C)C(=O)OCCCCCC
0,0,TOX7978,CC(C)(C)c1cc(CCC(=O)NN)cc(C(C)(C)C)c1O
0,0,TOX1032,CCCN(CCC)N=O
0,0,TOX27138,CC(C)(C)c1ccccc1
0,1,TOX2742,CC(=O)[C@]1(O)Cc2c(O)c3c(c(O)c2[C@@H](O[C@H]2C[C@H](N)[C@H](O)[C@H](C)O2)C1)C(=O)c1c(O)cccc1C3=O
0,0,TOX2472,CCCCc1ccccc1
0,0,TOX15209,O=c1[nH]c(=O)c2c[nH]nc2[nH]1
0,0,TOX24998,FC(F)(F)C(=NOCC1OCCO1)c1ccc(Cl)cc1
0,0,TOX6655,CCOc1ccc([N+](=O)[O-])cc1
0,0,TOX27157,CCCC(=O)C(CC)Sc1ccoc1C
1,1,TOX2998,C[C@]12CC[C@@H]3c4ccc(OC(=O)c5ccccc5)cc4CC[C@H]3[C@@H]1CC[C@@H]2O
0,0,TOX2822,CCn1nc(C(=O)O)c(=O)c2cc3c(cc21)OCO3
0,0,TOX28511,CC#CCC(C)[C@H](O)/C=C/[C@@H]1[C@H]2c3cccc(CCCC(=O)[O-])c3O[C@H]2C[C@H]1O
0,0,TOX1789,NC(=O)c1ccccc1N
0,0,TOX27306,Cc1cc(NC(=O)C(=O)O)cc(C)c1Oc1ccc(O)c2c1CCC2
0,0,TOX20326,O=C(O)CC(O)(CC(=O)O)C(=O)O.Oc1cccc2cccnc12
0,0,TOX20283,CC(O)(c1ccc(Cl)cc1)c1ccc(Cl)cc1
1,1,TOX2371,C[C@]12CC[C@H]3[C@@H](CCC4=CC(=O)CC[C@@]43C)[C@@H]1CC[C@@H]2O
0,0,TOX26383,CNC(=O)NC(O)C(Cl)(Cl)Cl
0,0,TOX5403,CCCCCCOC(=O)c1ccccc1
0,0,TOX7098,O=C(O)CNCC(=O)O
0,0,TOX24402,CC(=O)CC(=O)OC(C)(C)C
0,0,TOX25686,COc1cc(N)c(Cl)cc1C(=O)NC1CN2CCC1CC2
0,0,TOX835,COC(=O)NN
1,1,TOX103,O1[As]2O[As]3O[As]1O[As](O2)O3
0,0,TOX1771,CCC(C)(C)c1ccc(O)cc1
0,0,TOX22559,COc1cc(-c2ccc(=O)[nH]n2)ccc1OC(F)F
0,0,TOX21889,O=[PH](Oc1ccccc1)Oc1ccccc1
0,0,TOX20324,CNC(=O)Oc1cccc(C(C)C)c1
0,0,TOX24493,CCO[Si](CCCNC(N)=O)(OCC)OCC
0,0,TOX22254,CCCCCCCCCCCCCCCC(=O)NCCO
0,0,TOX22252,CN(C)c1ccc(SC#N)cc1
0,0,TOX27095,CCOC(=O)CCc1ccccc1
0,0,TOX7301,NC1CCCCC1N
0,0,TOX2171,CCCCCCCCCCN
0,0,TOX20736,CO[C@H]1[C@H]([C@@]2(C)O[C@@H]2CC=C(C)C)[C@]2(CC[C@H]1OC(=O)/C=C/C=C/C=C/C=C/C(=O)O)CO2
1,1,TOX26922,C#C[C@]1(OC(C)=O)CC[C@H]2[C@@H]3CCC4=C/C(=N/O)CC[C@@H]4[C@H]3CC[C@@]21CC
0,0,TOX26264,CCOc1cc(NC(C)=O)ccc1C(=O)OC
0,0,TOX22494,CCC[Si](OC)(OC)OC
0,0,TOX5886,CCOC(=O)C1OC1c1ccccc1
0,0,TOX4283,CCOCC(C)O
0,0,TOX5740,O=C(Cl)c1cccc([N+](=O)[O-])c1
0,0,TOX25888,CC(=O)NC1CCSC1=O
0,0,TOX24489,CC(=O)C(Cl)C(=O)N(C)C
0,0,TOX24743,Nc1ccc2cc(S(=O)(=O)O)ccc2c1
0,0,TOX26261,NC(=O)[C@H]1O[C@@H](O)[C@H](O)[C@@H](O)[C@@H]1O
0,0,TOX7014,CCCCCCC(C)O
0,0,TOX1448,Cc1ccc(N)c(C)c1
0,0,TOX28828,c1ccc(CN2CCNCC2)cc1
0,0,TOX27932,O=C(c1ccc(O)cc1)c1ccc(O)c(O)c1O
0,0,TOX26500,O=C([O-])CCC/C=C\C[C@H]1[C@@H](O)C[C@@H](O)[C@@H]1/C=C/[C@@H](O)COc1cccc(Cl)c1
1,0,TOX57,Cc1ccc2c(c1N)C(=O)c1ccccc1C2=O
0,0,TOX4059,Cc1cc(-c2ccc(N)c(C)c2)ccc1N
0,0,TOX12412,COC(=O)c1ccc(C)cc1C1=NC(=O)C(C)(C(C)C)N1
0,0,TOX2868,NS(=O)(=O)c1cc2c(cc1Cl)NC(CC1CCCC1)NS2(=O)=O
0,0,TOX27070,Cc1nc(C)c(C)nc1C
0,0,TOX1134,NC(=S)Nc1ccccc1
1,1,TOX28645,C=C1CC2C3CCC4=CC(=O)C=C[C@]4(C)[C@@]3(F)[C@@H](O)C[C@]2(C)[C@@]1(O)C(=O)COC(C)=O
0,1,TOX24995,CCn1c2ccccc2c2cc([N+](=O)[O-])ccc21
1,0,TOX5861,Nc1ccccc1C(=O)OCCc1ccccc1
0,1,TOX1150,CC(=O)O[Hg]c1ccccc1
1,1,TOX4397,CC(=O)CC(=O)Nc1ccccc1
0,0,TOX26524,CCN(CC)C(=O)c1cccnc1
0,0,TOX28736,CC(C)(C)NC[C@H](O)c1ccc(O)cc1Cl
0,0,TOX28732,CCNC(=O)NCCCOc1cccc(CN2CCCCC2)c1
0,0,TOX26732,O=S(=O)([O-])CCCS(=O)(=O)[O-]
0,0,TOX27872,Cc1ccc(C=C2C(=O)C3CCC2C3(C)C)cc1
0,0,TOX179,CC(O)CNCC(C)O
0,0,TOX25125,CC1=C(C)C(=O)C(CCCCC#CCCCC#CCO)=C(C)C1=O
0,0,TOX5649,Cc1ccc2c(ccc3ccccc32)c1
0,0,TOX546,NC(=S)C(N)=S
0,0,TOX12591,CC1(C)C(=O)N(Cl)C(=O)N1Br
0,0,TOX173,ClCOCCl
0,0,TOX309,ClCc1cccnc1
0,0,TOX26691,CCOC(=O)c1ccc(C#Cc2ccc3c(c2)C(C)(C)CCS3)nc1
0,0,TOX3041,NC(=O)OCC(COC(N)=O)c1ccccc1
0,0,TOX26699,CC(C)NCC(O)c1ccccc1Cl
0,0,TOX662,OCC(O)CO
0,0,TOX22006,CCCCCCCC(=O)OCC(O)CO
0,0,TOX1233,O=C([O-])c1ccccc1-c1c2cc(I)c(=O)c(I)c-2oc2c(I)c([O-])c(I)cc12
0,0,TOX27113,CC1(C)CCC[C@@]2(C)[C@H]1CC[C@@]1(C)OCC[C@H]21
0,0,TOX29081,CCO/C=C1\N=C(c2ccccc2)OC1=O
0,0,TOX462,OCCOCCO
0,0,TOX421,Cl[C@H]1OCCO[C@@H]1Cl
0,0,TOX1781,CCCCOC(=O)c1ccccc1C(=O)OCCCC
,1,TOX2934,C[C@H]1O[C@@H](O[C@H]2[C@@H](O)C[C@H](O[C@H]3[C@@H](O)C[C@H](O[C@H]4CC[C@]5(C)[C@H]6C[C@@H](O)[C@]7(C)[C@@H](C8=CC(=O)OC8)CC[C@]7(O)[C@@H]6CC[C@@H]5C4)O[C@@H]3C)O[C@@H]2C)C[C@H](O)[C@@H]1O
0,0,TOX20525,O=C1c2ccccc2-c2n[nH]c3cccc1c23
0,0,TOX24448,C=CCCC(=O)O
0,0,TOX3568,CN(C)[C@@H]1C(O)=C(C(=O)NCN2CCCC2)C(=O)[C@@]2(O)C(O)=C3C(=O)c4c(O)cccc4[C@@](C)(O)C3C[C@@H]12
0,0,TOX24613,N#CC1(N=NC2(C#N)CCCCC2)CCCCC1
0,0,TOX27618,CC1CCC(=O)O1
0,0,TOX4934,c1ccc(N=NNc2ccccc2)cc1
0,0,TOX28713,CCc1cc(S(=O)(=O)[O-])c2cc(C(C)C)cccc1-2
0,0,TOX2382,C/C=C(C(=C/C)/c1ccc(O)cc1)\c1ccc(O)cc1
0,0,TOX24002,COCCCC/C(=N\OCCN)c1ccc(C(F)(F)F)cc1
0,0,TOX7997,C=CCN(CC=C)C(=O)C(Cl)Cl
0,0,TOX14365,C=CCOC(=O)C(C)(C)OC(=O)c1cc(-n2c(=O)cc(C(F)(F)F)n(C)c2=O)ccc1Cl
0,0,TOX1554,CCCCCCCCCC(=O)O
0,0,TOX3295,C[C@](N)(Cc1ccc(O)c(O)c1)C(=O)O
0,0,TOX1253,O=C1[N-]S(=O)(=O)c2ccccc21
0,0,TOX29279,C=CCCC=C
0,0,TOX6676,O=[N+]([O-])c1ccc(Oc2ccc([N+](=O)[O-])cc2)cc1
0,0,TOX27868,CC(C)(c1ccccc1)c1ccccc1
1,1,TOX16496,C#C[C@]1(O)CC[C@H]2[C@@H]3CCC4=CC(=O)CC[C@@H]4[C@H]3CC[C@@]21CC
0,0,TOX1741,CCCCCO
0,0,TOX4012,Brc1ccc(Br)cc1
0,0,TOX833,COC(C)(C)C
0,0,TOX7877,CC(C)CCCCCCCOP(OCCCCCCCC(C)C)Oc1ccccc1
0,0,TOX10695,O=C1c2cccc(O)c2C(=O)c2c(O)cc(CO)cc21
1,1,TOX26323,C[C@@H](CO)NC(=O)[C@@H]1C=C2c3cccc4[nH]cc(c34)C[C@H]2N(C)C1
0,0,TOX24854,C=COCCCCO
0,0,TOX27322,Cc1cc2c(cc1C(F)(F)F)N(C(=O)Nc1ccc(Oc3cccnc3C)nc1)CC2
0,1,TOX3908,c1cc2ccc3ccc4ccc5cccc6c(c1)c2c3c4c56
0,0,TOX5074,O=C(O)c1ccc(O)cc1O
1,1,TOX3300,C[C@H]1C[C@H]2[C@@H]3CC[C@](O)(C(=O)CO)[C@@]3(C)C[C@H](O)[C@@H]2[C@@]2(C)C=CC(=O)C=C12
0,0,TOX13754,C=CC(=O)NC(C)C
0,0,TOX24852,c1cc(CCCc2ccncc2)ccn1
0,0,TOX1059,O=NN1CCNCC1
0,0,TOX29063,CCCn1cc[n+](C)c1
0,0,TOX3123,COS(=O)(=O)[O-].C[N+]1(C)CCN(CC(O)(c2ccccc2)C2CCCCC2)CC1
0,0,TOX5051,CCOP(=O)(CC)OCC
0,0,TOX28751,CCCOC(=O)Cc1ccc(OCC(=O)N(CC)CC)c(OC)c1
1,1,TOX28931,C[C@@H]1C[C@H]2C3C[C@H](F)C4=CC(=O)C=CC4(C)[C@@]3(F)[C@@H](O)CC2(C)[C@@]1(O)C(=O)COC(=O)C(C)(C)C
0,0,TOX25140,CN(C(=O)CCCOc1ccc2[nH]c(=O)ccc2c1)C1CCCCC1
0,0,TOX4602,COc1ccc2cc3[n+](cc2c1OC)CCc1cc2c(cc1-3)OCO2
0,0,TOX5017,CC(C)(OOC(C)(C)c1ccccc1)c1ccccc1
0,0,TOX2048,O=c1cc(-c2ccccc2)oc2ccccc12
0,0,TOX7097,CC(=O)[O-].CC(=O)[O-].[Mg+2]
0,0,TOX2612,CCCC(CCC)C(=O)O[C@@H]1C[C@@H]2CC[C@H](C1)[N+]2(C)C
0,0,TOX3951,CC1=C(C(=O)Nc2ccccc2)SCCO1
0,1,TOX5138,CN(C)c1ccc(N=O)cc1
0,0,TOX3319,Clc1ccc(COC(Cn2ccnc2)c2ccc(Cl)cc2Cl)c(Cl)c1
0,0,TOX1426,NC(N)=O
0,0,TOX4284,COCC(C)O
0,0,TOX5888,O=CC(=O)c1ccccc1
0,0,TOX402,Cc1ccc(N)cc1N
0,0,TOX7240,Cc1ccc([N+](=O)[O-])c([N+](=O)[O-])c1
1,1,TOX26465,C[C@]12CC[C@H]3[C@H]([C@@H]1[C@@H]1C[C@@H]1[C@@]21CCC(=O)O1)[C@H]1C[C@H]1C1=CC(=O)CC[C@@]13C
0,0,TOX21420,O=C(O)c1ccco1
0,0,TOX1984,CCCCCCCCCCCCN
0,0,TOX11521,[PbH2+2]
0,0,TOX6074,CC(C)COC(=O)COc1cc(Cl)c(Cl)cc1Cl
0,0,TOX25084,O=C(O)[C@@H](S)[C@H](S)C(=O)O
1,0,TOX4554,COc1ccc(N=[N+]([O-])c2ccc(OC)cc2)cc1
0,0,TOX11380,O=C1NC2NC(=O)NC2N1
0,0,TOX12375,C/C(=N\NC(=O)Nc1cc(F)cc(F)c1)c1ncccc1C(=O)[O-]
0,0,TOX27815,CCN1CC(CCN2CCOCC2)C(c2ccccc2)(c2ccccc2)C1=O
0,0,TOX1158,NC(=O)c1ccccc1C(N)=O
0,0,TOX27523,CC(C)c1ccc(S(=O)(=O)[O-])cc1
1,1,TOX28529,CCCC(=O)O[C@]1(C(=O)COC(=O)CC)CC[C@H]2[C@@H]3CCC4=CC(=O)CC[C@]4(C)[C@H]3[C@@H](O)C[C@@]21C
0,0,TOX25804,CN(C)CCCN1c2ccccc2Sc2ccc(C(F)(F)F)cc21
0,0,TOX17728,O=C(c1ccccc1)c1ccc(O)c(O)c1O
0,0,TOX5609,COC=O
0,0,TOX12511,CCN1CN(CC)CN(CC)C1
0,1,TOX5540,CC[Hg]Sc1ccccc1C(=O)[O-]
0,0,TOX26736,CC(C)C[C@H](NC(=O)[C@@H](COC(C)(C)C)NC(=O)[C@H](Cc1ccc(O)cc1)NC(=O)[C@H](CO)NC(=O)[C@H](Cc1c[nH]c2ccccc12)NC(=O)[C@H](Cc1c[nH]cn1)NC(=O)[C@@H]1CCC(=O)N1)C(=O)N[C@@H](CCCNC(=N)N)C(=O)N1CCC[C@H]1C(=O)NNC(N)=O
0,0,TOX3724,O=C(O[C@@H]1C[C@@H]2CC[C@H](C1)[N+]21CCCC1)C(O)(c1ccccc1)c1ccccc1
0,0,TOX26123,CN1CCN(C2=Nc3cc(F)ccc3Cc3ccccc32)CC1
0,0,TOX27444,Cc1ccc2c(c1)CCCN2
0,0,TOX3727,COc1cc2c3cc1Oc1cc(ccc1O)C[C@@H]1c4c(cc(OC)c(O)c4Oc4ccc(cc4)C[C@@H]3N(C)CC2)CC[N+]1(C)C
0,0,TOX3526,CNC(C)CC1CCCCC1
0,0,TOX4183,C=CC(=O)OC
0,0,TOX1848,CCNc1cccc(C)c1
0,0,TOX26909,CO/N=C(\C(=O)N[C@@H]1C(=O)N2C(C(=O)[O-])=C(C[n+]3cccc4c3CCC4)CS[C@H]12)c1csc(N)n1
0,0,TOX21467,O=C(O)c1snc(Cl)c1Cl
0,1,TOX1680,O=C(CCl)C(Cl)Cl
0,0,TOX24428,CO[Si](CCCS)(OC)OC
0,0,TOX1291,O=S(=O)([O-])[O-].[Na+].[Na+]
0,0,TOX39,CNC(=O)ON=CC(C)(C)SC
1,1,TOX27477,C#CC1(O)CC[C@H]2[C@@H]3CCC4=CC(=O)CC[C@@H]4[C@H]3CC[C@@]21CC
0,1,TOX24247,OC[C@H](O)[C@@H](O)[C@H](O[C@@H]1O[C@H](CO)[C@H](O)[C@H](O)[C@H]1O)[C@H](O)CO
0,0,TOX25372,CCN(CCCCOC(=O)c1ccc(OC)c(OC)c1)C(C)Cc1ccc(OC)cc1
0,0,TOX2888,C[C@H](CCC(=O)O)[C@H]1CC[C@H]2[C@@H]3C(=O)C[C@@H]4CC(=O)CC[C@]4(C)[C@H]3CC(=O)[C@@]21C
0,0,TOX24618,COc1cccc(Br)c1
0,0,TOX28754,C/C(=N\O)c1ccc(OCC(=O)N2CCCCC2)cc1
0,0,TOX23873,NCC(O)c1ccc(O)cc1
0,0,TOX24918,C=CCOc1c(Br)cc(Br)cc1Br
0,0,TOX12548,N#CC(CCc1ccc(Cl)cc1)(Cn1cncn1)c1ccccc1
0,0,TOX3377,CN1Cc2c(N)cccc2C(c2ccccc2)C1
0,0,TOX14383,COc1cc(OC)nc(Oc2cccc(Oc3nc(OC)cc(OC)n3)c2C(=O)[O-])n1
0,0,TOX24650,Cc1ccc(N(CCO)CCO)cc1
0,0,TOX2172,CNC(=O)Oc1ccc(N(C)C)c(C)c1
0,0,TOX7361,CC(C)(CO)COC(=O)C(C)(C)CO
1,1,TOX2796,CC(=O)[C@@]1(O)CC[C@H]2[C@@H]3C=C(Cl)C4=CC(=O)CC[C@]4(C)[C@H]3CC[C@@]21C
0,0,TOX3044,CCNC(C)Cc1cccc(C(F)(F)F)c1
0,0,TOX4836,CC(C)=CCCC(C)=CC=O
0,1,TOX1292,Cc1noc(NS(=O)(=O)c2ccc(N)cc2)c1C
1,1,TOX3502,CC(=O)OCC(=O)[C@@]1(O)CC[C@H]2[C@@H]3CCC4=CC(=O)C=C[C@]4(C)[C@H]3[C@@H](O)C[C@@]21C
0,0,TOX25332,OCCN1CCN(CC/C=C2/c3ccccc3Sc3ccc(Cl)cc32)CC1
0,1,TOX1322,CCN(CC)C(=S)SSC(=S)N(CC)CC
0,0,TOX27698,CC/C=C\CCCCO
0,0,TOX12431,CCc1cccc(C)c1N(C(=O)CCl)[C@@H](C)COC
0,0,TOX24656,N#CCCOCCOCCC#N
0,0,TOX26946,CC(=O)Oc1cc(C(C)C)c(OCCN(C)C)cc1C
0,0,TOX27413,C/C=C(\C)C(=O)OC/C=C(\C)CCC=C(C)C
0,0,TOX3723,NC(CO)(CO)CO
0,0,TOX4810,Clc1ccccn1
0,0,TOX5629,Cc1cc([N+](=O)[O-])ccc1N
0,0,TOX22574,CCN1CCCC1CNC(=O)c1cc(S(N)(=O)=O)ccc1OC
1,1,TOX25647,C[C@@H]1C[C@H]2[C@@H]3CCC4=CC(=O)C=C[C@]4(C)[C@@]3(F)[C@@H](O)C[C@]2(C)[C@H]1C(=O)CO
1,1,TOX28656,CCC(=O)OCC(=O)[C@@]1(OC(=O)CC)[C@@H](C)C[C@H]2[C@@H]3CCC4=CC(=O)C=C[C@]4(C)[C@@]3(Cl)[C@@H](O)C[C@@]21C
1,1,TOX563,C#C[C@]1(O)CC[C@H]2[C@@H]3CCC4=C(CCC(=O)C4)[C@H]3CC[C@@]21C
0,0,TOX27587,CC/C=C\CCCCCO
0,0,TOX27261,CC[C@H](C)[C@@H](C(=O)O)n1sc2ccccc2c1=O
0,0,TOX14229,CCCCCC1CCC(=O)O1
0,0,TOX24359,O=C1CCCCCCCCCCCCCCO1
0,0,TOX27117,Cl[Yb](Cl)Cl
0,0,TOX2803,NC(=O)OCC(O)COc1ccc(Cl)cc1
0,0,TOX26693,COc1ccc(C(=O)NCc2ccc(OCCN(C)C)cc2)cc1OC
0,0,TOX7345,c1ccc(B(c2ccccc2)c2ccccc2)cc1
0,0,TOX27155,N[C@@H](CCC(=O)O)C(=O)O
0,1,TOX5258,CC[n+]1c(-c2ccccc2)c2cc(N)ccc2c2ccc(N)cc21
0,0,TOX1425,COc1ccccc1N1CCN(CCCNc2cc(=O)n(C)c(=O)n2C)CC1
0,0,TOX1212,O=C(O)c1ccc(O)c(O)c1
0,0,TOX1982,CCCCOC(C)=O
0,0,TOX26529,CCCCCCCCCCOCC(O)CN
0,0,TOX5424,[NH3+]O.[NH3+]O
0,0,TOX25539,CCNC1(c2cccs2)CCCCC1=O
0,0,TOX25536,CC(C)N(CCC(C(N)=O)(c1ccccc1)c1ccccn1)C(C)C
0,0,TOX400,Nc1ccc(NC(=O)c2ccc(N)cc2)cc1
0,0,TOX15,CC(=O)NNc1ccccc1
0,0,TOX28730,CCOC(=O)Cn1cccc1-c1nc(-c2ccc(OC)cc2)c(-c2ccc(OC)cc2)s1
0,0,TOX1299,COc1ccc(C(Cl)=C(c2ccc(OC)cc2)c2ccc(OC)cc2)cc1
0,0,TOX2842,Cc1ncsc1CCCl
0,0,TOX27266,O=C(NO)C1(NS(=O)(=O)c2ccc(Oc3ccc(F)cc3)cc2)CCOCC1
0,0,TOX28775,CC(C(O)c1ccccc1)N(C)CCOC(c1ccccc1)c1ccccc1
0,0,TOX7504,C=C(C)C(=O)OCCN(C)C
0,0,TOX12180,Clc1cc(Cl)c(-c2cc(Cl)c(Cl)cc2Cl)cc1Cl
0,0,TOX29367,c1ccc2cnncc2c1
0,0,TOX6888,C1=CCCC=CCC1
0,0,TOX7309,CCOCCC(=O)OCC
0,0,TOX3545,Cc1cc(/C=C/c2ccc3cc(N(C)C)ccc3[n+]2C)c(C)n1-c1ccccc1.Cc1cc(/C=C/c2ccc3cc(N(C)C)ccc3[n+]2C)c(C)n1-c1ccccc1.O=C([O-])c1cc2ccccc2c(Cc2c(O)c(C(=O)[O-])cc3ccccc23)c1O
0,0,TOX28518,CO/N=C(/C(=O)N[C@@H]1C(=O)N2C(C(=O)[O-])=C(C[n+]3ccn4ncccc43)CS[C@H]12)c1nsc(N)n1
0,1,TOX8015,C=CC(=O)OCC(C)OCC(C)OCC(C)OC(=O)C=C
0,0,TOX27679,CCCCCc1ccco1
0,0,TOX1094,Nc1ccc(Oc2ccc(N)cc2)cc1
0,0,TOX3125,NCCc1cnc[nH]1
0,0,TOX25420,Cc1ncc([N+](=O)[O-])n1CC(O)CCl
0,0,TOX25167,Cc1ccccc1N1C(=O)c2cc(S(N)(=O)=O)c(Cl)cc2NC1C
0,0,TOX20547,CC1(S(=O)(=O)[O-])CC(=O)c2ccccc2C1=O
0,0,TOX4873,Oc1nc(O)nc(O)n1
0,0,TOX682,Clc1c(Cl)c(Cl)c(Cl)c(Cl)c1Cl
0,0,TOX3356,CCCc1c2oc(C(=O)O)cc(=O)c2cc2c(=O)cc(C(=O)O)n(CC)c12
1,1,TOX26628,CCOc1ccccc1OCCN[C@H](C)Cc1ccc(OC)c(S(N)(=O)=O)c1
0,0,TOX27385,COCCOc1cc2cc(C(=O)NC3CCN(C(C)C)CC3)n(CC(=O)Nc3ccc(Cl)cn3)c2cn1
0,0,TOX21423,C=CN1CCCCCC1=O
0,0,TOX4931,CCCCCNCCCCC
0,0,TOX7367,C=CCCCCCCCCCCCC
0,0,TOX4449,C=CCNC(N)=S
0,0,TOX4674,CCCCOCCOCCSC#N
0,0,TOX2218,C=C(C)C(=O)OC(C)C
0,0,TOX25377,Cc1cccc(C)c1NC(=O)CN1CCN(CCCC(c2ccc(F)cc2)c2ccc(F)cc2)CC1
0,0,TOX25674,CCN(CC)CC1CCCCN1CC(=O)N1c2ccccc2C(=O)Nc2cccnc21
0,0,TOX3313,CN1C(CCl)Nc2cc(Cl)c(S(N)(=O)=O)cc2S1(=O)=O
0,0,TOX24876,C(COCC1CO1)OCC1CO1
0,1,TOX25807,Cc1ccc(S(=O)(=O)N[C@@H](CCCCN)C(=O)CCl)cc1
0,0,TOX5745,O=[N+]([O-])c1ccc(CCl)cc1
0,0,TOX4014,ClC(Cl)(Br)Br
0,0,TOX7320,O=[N+]([O-])c1ccc([O-])cc1
0,0,TOX27414,CC=CC=CCOC(=O)C(C)C
0,0,TOX24462,CCO[Si](OCC)(OCC)c1ccccc1
0,0,TOX21464,N#CCCNCCC#N
0,0,TOX24919,CCC(COC(=O)CCS)(COC(=O)CCS)COC(=O)CCS
,0,TOX1159,O=C1OC(=O)c2ccccc21
0,0,TOX4015,Brc1ccc(Oc2ccc(Br)cc2)cc1
0,0,TOX7494,Cc1cccc(N)c1N
0,0,TOX24420,O=S1(=O)OC(c2ccc([O-])cc2)(c2ccc(O)cc2)c2ccccc21
0,0,TOX27670,CC=CC(=O)CC
0,1,TOX2883,COc1cccc2c1C(=O)c1c(O)c3c(c(O)c1C2=O)C[C@@](O)(C(C)=O)C[C@@H]3O[C@H]1C[C@H](N)[C@H](O)[C@H](C)O1
0,0,TOX1238,Oc1cccc(O)c1
0,0,TOX6867,O=C(O)CCCCCCCCC(=O)O
0,0,TOX7540,CCCCNS(=O)(=O)c1ccccc1
0,0,TOX23919,OC[C@H](O)[C@H](O)CO
0,0,TOX22210,CN1CCCC1
0,0,TOX441,CC(Oc1cc(Cl)ccc1Cl)C(=O)O
0,0,TOX21460,O=C(O)c1cccc(C(F)(F)F)c1
1,1,TOX2901,CC(=O)OCC(=O)[C@@]1(O)[C@H](C)C[C@H]2[C@@H]3CCC4=CC(=O)C=C[C@]4(C)[C@@]3(F)[C@@H](O)C[C@@]21C
0,0,TOX28927,COc1cc(CC(C)N)c(OC)cc1Br
0,0,TOX1653,CCCCC=O
0,0,TOX175,Clc1cnc(Oc2ccc(Oc3ncc(Cl)cc3Cl)cc2)c(Cl)c1
0,0,TOX21270,CC(=O)OCCC(C)CC(C)(C)C
0,1,TOX22390,[O-][n+]1ccccc1[S-]
0,0,TOX6240,CCC(=O)/C=C/C1C(C)=CCCC1(C)C
0,0,TOX322,CCCNC(=O)NS(=O)(=O)c1ccc(Cl)cc1
0,0,TOX27405,CCCC(=O)OCCC(C)CCC=C(C)C
0,0,TOX2217,COc1cc(OC)c(OC)cc1C=O
0,0,TOX21815,CC1CC(O)CC(C)(C)C1
0,0,TOX5662,CC(=O)C=Cc1ccccc1
0,0,TOX28843,CC[C@@H](O)C(C[C@@H](C)N(C)C)(c1ccccc1)c1ccccc1
0,1,TOX13382,COc1cccc2c1C(=O)c1c(O)c3c(c(O)c1C2=O)C[C@@](O)(C(C)=O)C[C@@H]3O[C@H]1C[C@H](N)[C@H](O)[C@H](C)O1
0,0,TOX17715,COC(OC)(C(=O)c1ccccc1)c1ccccc1
0,0,TOX3702,NCCNCCNCCN
0,0,TOX1251,O=C1NS(=O)(=O)c2ccccc21
0,0,TOX20697,Cc1c(Cl)cccc1Cl
0,0,TOX93,COc1ccc(N)cc1
0,0,TOX21844,O=C1O[C@@H]2[C@@H](O)[C@H](O)O[C@@H]2[C@H]1O
0,0,TOX24858,c1ccc(-c2nnn[nH]2)cc1
0,0,TOX24423,C[N+](C)=CCl
0,0,TOX25355,CC[C@H](C)[C@@H](NC(=O)[C@H](CCC(=O)O)NC(=O)[C@H](CC(C)C)NC(=O)[C@@H]1CSC([C@H](N)[C@H](C)CC)=N1)C(=O)N[C@@H]1CCCCNC(=O)[C@@H](CC(N)=O)NC(=O)[C@@H](CC(=O)O)NC(=O)[C@@H](Cc2cnc[nH]2)NC(=O)[C@@H](Cc2ccccc2)NC(=O)[C@@H]([C@H](C)CC)NC(=O)[C@@H](CCCN)NC1=O
0,0,TOX819,COc1nn(CSP(=S)(OC)OC)c(=O)s1
0,0,TOX25887,CO/N=C(\C(=O)N[C@@H]1C(=O)N2C(C(=O)[O-])=C(CSc3nc(=O)c([O-])nn3C)CS[C@H]12)c1csc(N)n1
0,1,TOX4238,CCCN(CCC)c1c([N+](=O)[O-])cc(S(N)(=O)=O)cc1[N+](=O)[O-]
0,0,TOX1219,O=c1c(O)c(-c2ccc(O)c(O)c2)oc2cc(O)cc(O)c12
0,0,TOX4097,CCCCOCCO
0,0,TOX892,Cc1ncc([N+](=O)[O-])n1CCO
,1,TOX2933,C[C@H]1O[C@@H](O[C@H]2[C@@H](O)C[C@H](O[C@H]3[C@@H](O)C[C@H](O[C@H]4CC[C@]5(C)[C@H]6CC[C@]7(C)[C@@H](C8=CC(=O)OC8)CC[C@]7(O)[C@@H]6CC[C@@H]5C4)O[C@@H]3C)O[C@@H]2C)C[C@H](O)[C@@H]1O
0,0,TOX28798,CCN[C@H](C)Cc1cccc(C(F)(F)F)c1
0,0,TOX8974,CCCC(C)CC
0,0,TOX363,ON=C1CCCC1
0,0,TOX9683,O=S(=O)(O)O
0,0,TOX26631,CCOC(CN1CCN(CC(C)C(=O)c2ccccc2)CC1)c1ccccc1
0,0,TOX28538,CC(CN(C)C)CN1c2ccccc2S(=O)(=O)c2ccccc21
0,0,TOX26221,Cc1c(Cl)c(=O)oc2cc(OP(=O)(OCCCl)OCCCl)ccc12
0,0,TOX2043,O=C(O)c1cccc(C(=O)O)n1
0,0,TOX21809,O=S(=O)(O)NC1CCCCC1
0,0,TOX18857,CSc1ccc(C(=O)C(C)(C)N2CCOCC2)cc1
0,0,TOX25005,ClCc1ccc(Cl)cc1Cl
0,0,TOX26054,COC1=C(OC)C(=O)C(C/C=C(\C)CC/C=C(\C)CC/C=C(\C)CC/C=C(\C)CC/C=C(\C)CC/C=C(\C)CC/C=C(\C)CC/C=C(\C)CC/C=C(\C)CCC=C(C)C)=C(C)C1=O
0,0,TOX1413,O=P(OCC(Br)CBr)(OCC(Br)CBr)OCC(Br)CBr
0,0,TOX28711,O=C(N[C@H]1N=C(c2ccccc2F)c2cccc3c2N(CC3)C1=O)c1cc2ccccc2[nH]1
0,0,TOX543,Cc1c(N(C)CS(=O)(=O)[O-])c(=O)n(-c2ccccc2)n1C
1,1,TOX20554,O=C(NCCN1CCOCC1)c1ccc(Cl)cc1
0,0,TOX25107,O=C(O)CP(=O)(O)O
0,0,TOX22063,COP(N)(=S)Oc1ccccc1C(=O)OC(C)C
0,0,TOX13402,O=P(O)(OCc1ccccc1)OCc1ccccc1
0,0,TOX23874,NCCc1ccc(O)cc1
0,0,TOX468,O=CNNC=O
0,0,TOX4800,Oc1cccc(Cl)c1
0,0,TOX11121,CC(C)C(=O)Nc1ccc([N+](=O)[O-])c(C(F)(F)F)c1
0,0,TOX25746,COc1ccc(S(=O)(=O)N2c3ccc(Cl)cc3[C@@](O)(c3ccccc3Cl)[C@H]2C(=O)N2CCC[C@@H]2C(N)=O)cc1OC
0,1,TOX6097,O=[N+]([O-])c1cc(Cl)c(Cl)c(Cl)c1Cl
0,0,TOX27242,COc1ccc(N)cc1N
0,0,TOX5763,O=[N+]([O-])c1ccccc1CCO
0,0,TOX24378,CCCCC(CC)COC(=O)CC#N
0,0,TOX3064,CCOC(=O)c1ncn2c1CN(C)C(=O)c1cc(F)ccc1-2
0,0,TOX4331,[TlH2+]
0,0,TOX27389,CCOC(=O)c1ccc([C@H]2CC[C@H](NC[C@H](O)COc3ccc(O)c(NS(C)(=O)=O)c3)CC2)cc1
0,0,TOX22189,CC(C)N(c1ccccc1)C(C)C
0,0,TOX26777,CC(C)CN(C[C@@H](OP(=O)([O-])[O-])[C@H](Cc1ccccc1)NC(=O)O[C@H]1CCOC1)S(=O)(=O)c1ccc(N)cc1
0,0,TOX74,NCC1(CC(=O)O)CCCCC1
0,0,TOX25595,CO[C@@]1(NC(=O)C(C(=O)[O-])c2ccc(O)cc2)C(=O)N2C(C(=O)[O-])=C(CSc3nnnn3C)CO[C@@H]21
0,0,TOX29358,CN1[C@H]2CC[C@@H]1C[C@H](O)C2
0,0,TOX8666,CC(C)CCCCCCCOC(=O)c1ccccc1C(=O)OCCCCCCCC(C)C
0,0,TOX1820,CCC(=O)CC
0,0,TOX856,CN1CCCC1=O
0,0,TOX17626,O=C(c1ccc(Cl)cc1)c1ccc(Cl)cc1
1,1,TOX26806,CC(C)CCC(=O)O[C@H]1CC[C@H]2[C@@H]3CCC4=CC(=O)CC[C@]4(C)[C@H]3CC[C@]12C
0,0,TOX406,CN1C(=O)CN=C(c2ccccc2)c2cc(Cl)ccc21
0,0,TOX27344,CC(C)c1ccc(C(=O)N=C(N)N)cc1S(C)(=O)=O
0,0,TOX28966,C[C@@H](C1=C(CCN(C)C)Cc2ccccc21)c1ccccn1
0,0,TOX26207,CCOc1cc(N)c(Cl)cc1C(=O)NCC1CN(Cc2ccc(F)cc2)CCO1.O=C(O)CC(O)(CC(=O)O)C(=O)O
0,0,TOX1800,CCN(CC)c1ccccc1
0,0,TOX7312,CC(O)COc1ccccc1
0,0,TOX20287,CN(C)C(=O)Nc1ccc(Oc2ccc(Cl)cc2)cc1
0,0,TOX1121,N=C(N)NC(=N)NCCc1ccccc1
0,0,TOX2399,O=c1oc2cc(O)ccc2c2oc3cc(O)ccc3c12
0,0,TOX27308,O=C(O)C1(c2ccc3c(c2)OC[C@H](Cc2ccc(-c4ccccc4)cc2)[C@H]3O)CCCC1
1,1,TOX25930,C[C@]12CC[C@H]3[C@@H](C=CC4=CC(=O)CC[C@@]43C)[C@@H]1CC[C@@]21CCC(=O)O1
0,0,TOX13445,CN(C)CCCNCCCN
0,0,TOX20360,CCOC(=O)C1=NOC(c2ccccc2)(c2ccccc2)C1
0,0,TOX14836,[I-].[K+]
0,0,TOX29331,CC[N+]1(C)CCCC1.O=S(=O)([O-])C(F)(F)F
0,1,TOX28473,O=Cc1c2ccccc2c(Cl)c2ccccc12
0,0,TOX2020,CCC(C)n1c(=O)[nH]c(C)c(Br)c1=O
0,0,TOX704,NNc1nc(-c2ccc(N)cc2)cs1
0,0,TOX27075,Cc1cnc(C)c(C)n1
1,0,TOX28905,C=C[C@H]1CN2CC[C@H]1C[C@H]2[C@H](O)c1ccnc2ccc(OC)cc12.C=C[C@H]1CN2CC[C@H]1C[C@H]2[C@H](O)c1ccnc2ccc(OC)cc12
0,0,TOX6432,CC(C)(C)C(=O)O
0,0,TOX24839,C=C[Si](OC(=C)C)(OC(=C)C)OC(=C)C
0,0,TOX20739,C[C@H]1O[C@H](O[C@@H]2[C@@H](O)[C@@H](O)[C@H](O)[C@H](O)[C@H]2O)[C@@H](N)C[C@@H]1NC(=N)C(=O)O
0,0,TOX5805,CCCCCCCCn1sccc1=O
0,0,TOX24763,CCOC(=O)c1ccc(N(C)C)cc1
0,0,TOX1888,CCCC(C)=O
0,0,TOX4555,[O-][N+](=Nc1ccccc1)c1ccccc1
0,0,TOX28679,C[N+](C)(CCCCCC[N+](C)(C)C1c2ccccc2-c2ccccc21)C1c2ccccc2-c2ccccc21
0,0,TOX1296,CCCCC1(COC(=O)CCC(=O)O)C(=O)N(c2ccccc2)N(c2ccccc2)C1=O
0,0,TOX1070,c1ccc2c(c1)[nH]c1cnccc12
0,0,TOX7246,O=C1CCCN1
0,0,TOX29389,O=c1c(=O)c2cccc3cccc1c32
0,0,TOX813,C[Hg]Cl
0,0,TOX6789,CC1COC(=O)O1
0,0,TOX27423,CC(=O)Oc1ccc([N+](=O)[O-])cc1CCl
0,0,TOX6268,Cc1cc(-c2ccc(N=Nc3c(S(=O)(=O)[O-])cc4cc(S(=O)(=O)[O-])cc(N)c4c3O)c(C)c2)ccc1N=Nc1c(S(=O)(=O)[O-])cc2cc(S(=O)(=O)[O-])cc(N)c2c1O
0,0,TOX2536,CC(C)(c1ccccc1)c1ccc(O)cc1
0,0,TOX1093,C=CCOc1ccccc1OCC(O)CNC(C)C
0,0,TOX25164,CC(C(=O)O)c1ccc(CC2CCCC2=O)cc1
0,0,TOX94,Nc1ccccc1C(=O)O
1,1,TOX2999,C[C@]12CC[C@@H]3c4ccc(O)cc4CC[C@H]3[C@@H]1CC[C@@H]2OC(=O)CCC1CCCC1
0,1,TOX27368,COc1cc(C(C)C)c2c(c1)S(=O)(=O)N(COc1cc(=O)n3cccc(OCCN4CCCCC4)c3n1)C2=O
0,0,TOX6050,C(=C/c1ccccc1)\c1ccccc1
0,0,TOX28757,O=C(O)CCCCCCNC1c2ccccc2CCc2ccccc21
0,0,TOX20289,O=C(O)c1cccc(Cl)n1
0,0,TOX7876,CCc1cccc(C)c1
0,0,TOX17741,Cc1ccc(C(=O)c2ccccc2)cc1
1,1,TOX27137,C[C@H]1C[C@H]2[C@@H]3CCC4=CC(=O)C=C[C@]4(C)[C@@]3(F)[C@@H](O)C[C@]2(C)[C@@]1(O)C(=O)COP(=O)([O-])[O-]
0,0,TOX27636,CCCCCCCC(=O)OCCCCCC
0,0,TOX24939,COc1c(Br)cc(Br)c(C)c1Br
0,0,TOX26220,CC(NNC(=O)c1ccccc1)c1ccccc1
0,0,TOX420,C#CC(C)(C)NC(=O)c1cc(Cl)cc(Cl)c1
0,0,TOX28496,CCN(CC)C(=O)c1cc(S(=O)(=O)Cc2ccccc2)c(N2CCC(c3ccccc3)CC2)cc1N(CC)CCN(C)C
0,0,TOX4055,COS(=O)(=O)OC
0,0,TOX26739,NCCNC(=O)c1ccc(Cl)cn1
0,0,TOX5749,O=[N+]([O-])c1ccccc1Nc1ccccc1
0,0,TOX25250,CCC1(C)CC(=O)NC(=O)C1
0,0,TOX768,O=c1c(O)c(-c2ccc(O)cc2)oc2cc(O)cc(O)c12
0,0,TOX5840,Clc1ccc(C(Cl)(Cl)Cl)cc1Cl
0,0,TOX349,COc1ccc(N)c(C)c1
0,0,TOX29354,BrCCCCCBr
0,0,TOX26019,OC[C@H]1O[C@@H](n2cnc3c(S)ncnc32)[C@H](O)[C@@H]1O
0,0,TOX3541,Cc1ncc(CO)c(CO)c1O
0,0,TOX24911,CC(C)CCCCCOC(=O)CCS
0,0,TOX9572,CC1COc2ccccc2N1C(=O)C(Cl)Cl
1,1,TOX2894,CC(=O)OCC(=O)[C@H]1CC[C@H]2[C@@H]3CCC4=CC(=O)CC[C@]4(C)[C@H]3CC[C@]12C
0,0,TOX21575,O=C(O)COCC(=O)O
0,0,TOX5326,[Fe+2].c1cc[cH-]c1.c1cc[cH-]c1
0,0,TOX2617,COC(=O)C1=CCCN(C)C1
0,0,TOX26419,CCC(=O)Nc1ccc(O)cc1
0,0,TOX24511,CCCOC(=O)CCCCC(=O)OCCC
1,1,TOX29323,CC[n+]1ccccc1
1,1,TOX5527,CC(=O)O[C@]1(C(C)=O)CC[C@H]2[C@@H]3C[C@H](C)C4=CC(=O)CC[C@]4(C)[C@H]3CC[C@@]21C
0,0,TOX5604,CCOC(C)(C)C
0,0,TOX28773,N[C@H]1CN(c2c(F)cc3c(=O)c(C(=O)O)cn(C4C[C@H]4F)c3c2Cl)CC12CC2
0,1,TOX26658,CC[C@@]1(O)C[C@H](O[C@H]2C[C@H](N(C)C)[C@H](O[C@H]3C[C@H](O)[C@H](O[C@H]4CCC(=O)[C@H](C)O4)[C@H](C)O3)[C@H](C)O2)c2c(cc3c(c2O)C(=O)c2c(O)cccc2C3=O)[C@H]1C(=O)OC
0,0,TOX26459,NC[C@H]1CC[C@H](C(=O)Oc2ccc(CCC(=O)O)cc2)CC1
0,0,TOX135,c1ccccc1
0,0,TOX10432,Nc1ncn([C@H]2C[C@H](O)[C@@H](CO)O2)c(=O)n1
0,0,TOX6783,NC(=O)NC(N)=O
0,0,TOX27678,c1cnc2c(n1)CCCC2
1,1,TOX1267,Oc1ccc2c(c1)OCO2
1,1,TOX2731,NC(=O)N1c2ccccc2C=Cc2ccccc21
0,0,TOX20770,CCC(=C(CC)c1ccc(O)cc1)c1ccc(O)cc1
1,1,TOX26192,C[C@]12CC[C@H]3[C@@H](CCC4=C(Cl)C(=O)CC[C@@]43C)[C@@H]1CC[C@@H]2O
0,0,TOX24833,CCC(=O)OC(C)(C)C1CC=C(C)CC1
0,0,TOX728,NNCCO
0,0,TOX28514,CCCC(=O)N1CCCN(c2nc(N)c3cc(OC)c(OC)cc3n2)CC1
0,0,TOX26181,CCN(CC)CCOc1ccccc1C(=O)CCc1ccccc1
1,1,TOX16508,CC(=O)[C@@]1(O)CC[C@H]2[C@@H]3C[C@H](C)C4=CC(=O)CC[C@]4(C)[C@H]3CC[C@@]21C
0,0,TOX26713,C[S+](C)CCC(N)C(=O)O
0,0,TOX28943,CC(N)Cc1ccc2c(c1)OCO2
0,0,TOX72,Nc1ccc(-c2ccccc2)cc1
0,0,TOX26697,C[C@H]1COc2c(C3(N)CC3)c(F)cc3c(=O)c(C(=O)O)cn1c23
1,0,TOX20674,CC1(C)O[C@@H]2C[C@H]3[C@@H]4C[C@H](F)C5=CC(=O)C=C[C@]5(C)[C@@]4(F)[C@@H](O)C[C@]3(C)[C@]2(C(=O)CO)O1
0,0,TOX465,CC/C(=C(/CC)c1ccc(O)cc1)c1ccc(O)cc1
0,0,TOX28901,C[C@H](N[C@H](CCc1ccccc1)C(=O)O)C(=O)N1CCC[C@H]1C(=O)O
0,0,TOX28753,COc1ccc2c(C(=O)c3ccc(Cl)cc3)c(C)n(CC(=O)O)c2c1
0,0,TOX3883,Clc1cccc(-c2cc(Cl)cc(Cl)c2)c1
0,0,TOX2926,CCN(CC)CCOC(=O)C1(C2CCCCC2)CCCCC1
1,0,TOX25759,CC(C)C[C@@H](NC(=O)[C@@H](O)[C@H](N)Cc1ccccc1)C(=O)O
1,1,TOX1217,CCc1nc(N)nc(N)c1-c1ccc(Cl)cc1
0,0,TOX26071,CCCCN1CCCC[C@H]1C(=O)Nc1c(C)cccc1C
0,0,TOX24433,O=C1CCCC(=O)C1
0,0,TOX4991,ClC=CCl
0,0,TOX24407,Cc1ccc(C(N)=O)cc1N
0,0,TOX24288,O=C1/C(=C2\Nc3ccc(S(=O)(=O)O)cc3C2=O)Nc2ccc(S(=O)(=O)O)cc21
0,0,TOX138,Nc1ccc(-c2ccc(N)cc2)cc1
0,0,TOX30037,COc1ccccc1N1CCNCC1
0,0,TOX12437,O=C(O)c1ccccc1C(=O)Nc1cccc2ccccc12
0,0,TOX834,COC(N)=O
0,0,TOX24999,CC1=NN(c2ccc(S(=O)(=O)O)cc2)C(=O)C1
0,0,TOX2523,CCCCCCCOC(=O)c1ccc(O)cc1
0,0,TOX7122,COC(OC)OC
0,0,TOX3314,CC(C)(C(=O)c1cccnc1)c1cccnc1
0,0,TOX24000,CSc1ccc2c(c1)C(N1CCN(C)CC1)Cc1ccccc1S2
0,0,TOX24317,O=S(=O)(O)c1ccc(O)c2ncccc12
0,0,TOX5593,CNC(=O)N(c1ccccc1)c1ccccc1
0,0,TOX26183,CCN(CC)CCC(=O)N1c2ccccc2Sc2ccc(Cl)cc21
0,0,TOX24498,CC[N+](C)(CC)CC
0,0,TOX2526,O=C(OCc1ccccc1)c1ccc(O)cc1
0,1,TOX26593,CC(C)=CCC/C(C)=C/C=C\C(C)=C\C=C\C(C)=C\C=C/C=C(C)/C=C/C=C(C)/C=C\C=C(/C)CCC=C(C)C
0,0,TOX5765,O=[N+]([O-])c1cccc(O)c1
0,0,TOX428,O=C(O)C(Cl)Cl
1,1,TOX26036,CC(C)(C)C(=O)OCC(=O)[C@H]1CC[C@H]2[C@@H]3CCC4=CC(=O)CC[C@]4(C)[C@H]3CC[C@]12C
0,0,TOX648,NS(=O)(=O)c1cc(C(=O)O)c(NCc2ccco2)cc1Cl
0,0,TOX7503,CC1(C)CC(N)CC(C)(CN)C1
1,1,TOX26782,C#C[C@]1(O)CC[C@H]2[C@@H]3CCC4=CC(=O)CC[C@@H]4[C@H]3C(=C)C[C@@]21CC
0,0,TOX27324,OCC(CO)n1cnc(-c2ccc(F)cc2)c1-c1ccnc(Oc2ccccc2)n1
1,1,TOX28590,C#C[C@]1(OC(=O)CCCCCC)CC[C@H]2[C@@H]3CCC4=CC(=O)CC[C@@H]4[C@H]3CC[C@@]21C
0,0,TOX26265,CCC(Cc1c(I)cc(I)c(O)c1I)C(=O)O
0,1,TOX24454,CCOC(=O)CC(=O)CCl
0,0,TOX24818,CCCCCCC(CO)CCCC
0,0,TOX27830,CCC(=O)c1ccc2c(c1)N(CCCN1CCN(CCO)CC1)c1ccccc1S2
1,1,TOX4676,C=CC(=O)OCCCC
0,0,TOX27132,CSCCCN=C=S
0,0,TOX21275,CCCCCCCCCCCC(=O)OCC(O)CO
0,0,TOX20285,CC(=O)c1ccccc1O
0,1,TOX6342,OCCc1ccccc1
0,0,TOX1255,CC(C)(C)NCC(O)c1ccc(O)c(CO)c1
1,1,TOX3001,CCCCCCC(=O)O[C@H]1CC[C@H]2[C@@H]3CCc4cc(O)ccc4[C@H]3CC[C@]12C
0,0,TOX24748,O=C(c1ccccc1)C1(O)CCCCC1
0,0,TOX1828,CC(=O)c1ccccc1
0,0,TOX1980,CCCCCC(=O)OCC
0,0,TOX22612,CNc1cc(OC)c(C(=O)N[C@H]2CCN(Cc3ccccc3)[C@H]2C)cc1Cl
0,0,TOX6558,COc1ccccc1NC(=O)CC(C)=O
0,0,TOX27426,C=C(C)C1CC=C(C)C(=O)C1
0,0,TOX26757,C[N@+]12CCCC[C@@H]1CCC(=C(c1cccs1)c1cccs1)C2
0,0,TOX26438,C/C(=C\C(=O)OCCCCCCCCC(=O)O)C[C@@H]1OC[C@H](C[C@@H]2O[C@H]2[C@@H](C)[C@H](C)O)[C@@H](O)[C@H]1O
0,0,TOX24465,Nc1ccc(S(=O)(=O)O)c(N)c1
0,0,TOX25597,NC(CO)(CO)CO.O=C(c1ccccc1)c1ccc2n1CC[C@H]2C(=O)O
0,0,TOX5642,Cc1ccc(C(=O)O)cc1[N+](=O)[O-]
0,0,TOX12376,COCC(C)N(C(=O)CCl)c1c(C)csc1C
0,0,TOX2829,CC[C@H]1OC(=O)[C@H](C)[C@@H](O[C@H]2C[C@@](C)(OC)[C@@H](O)[C@H](C)O2)C(C)[C@@H](O[C@@H]2O[C@H](C)C[C@H](N(C)C)[C@H]2O)[C@](C)(OC)C[C@@H](C)C(=O)[C@H](C)[C@@H](O)[C@]1(C)O
1,1,TOX26636,CCC(=O)O[C@]1(C(=O)CCl)[C@@H](C)C[C@H]2[C@@H]3C[C@H](F)C4=CC(=O)C=C[C@]4(C)[C@@]3(F)[C@@H](O)C[C@@]21C
0,0,TOX28495,CCCC[C@H]1CN(CC2CCOCC2)C(=O)OC12CCN(C1(C)CCN(C(=O)c3c(C)ncnc3C)CC1)CC2
0,0,TOX27156,CCC(C)C1N=C(C)C(C)S1
0,0,TOX3565,CN(C)CCc1c[nH]c2ccc(Cn3cncn3)cc12
0,0,TOX137,Nc1ccc(-c2ccc(N)cc2)cc1
0,0,TOX5607,C=CCc1ccc(OC)c(OC)c1
1,1,TOX26425,NC(=O)NS(=O)(=O)c1ccc(N)cc1
0,0,TOX6781,CC(C)CC(C)O
0,0,TOX27036,CN(C)C1CSSSC1
0,0,TOX27031,c1ccc(CN(Cc2ccccc2)Cc2ccccc2)cc1
0,0,TOX29009,[NH3+]c1ccccc1
1,1,TOX27435,CC(=O)[C@@]1(O)CC[C@H]2[C@@H]3C[C@H](C)C4=CC(=O)C=C[C@]4(C)[C@@]3(F)[C@@H](O)C[C@@]21C
0,0,TOX25910,N#Cc1ccc2c(c1)N(CCCN1CCC(O)CC1)c1ccccc1S2
1,1,TOX20747,CC(=O)[C@@]1(O)CC[C@H]2[C@@H]3CCC4=CC(=O)CC[C@]4(C)[C@H]3CC[C@@]21C
0,0,TOX14972,Cc1ccc(C(C)C)c(O)c1
0,0,TOX14792,CC1=C(C(=O)Nc2ccccc2)S(=O)(=O)CCO1
1,1,TOX25965,C=C[C@H]1CN2CC[C@H]1C[C@H]2[C@H](OC(=O)OCC)c1ccnc2ccc(OC)cc12
0,0,TOX5862,CCOc1cccc(N)c1
0,0,TOX28512,C/C(=C(\CCOC(=O)c1ccccc1)SS/C(CCOC(=O)c1ccccc1)=C(/C)N(C=O)Cc1cnc(C)nc1N)N(C=O)Cc1cnc(C)nc1N
0,0,TOX27870,O=C(c1ccccc1)c1cc(Cl)ccc1O
0,0,TOX28737,O=C(CCCN1CCN(c2ccc(F)cc2)CC1)NC1c2ccccc2CSc2ccccc21
0,0,TOX4875,O=C(OCC1CO1)C1CCCCC1C(=O)OCC1CO1
0,0,TOX28827,NC1(c2ccccc2)CCCCC1
0,0,TOX7506,O=C(Cl)c1cc(Cl)cc(Cl)c1
1,1,TOX26805,CC(=O)OCC(=O)[C@@]1(O)CC[C@H]2[C@@H]3CCC4=CC(=O)CC[C@]4(C)C3=CC[C@@]21C
0,0,TOX4038,OCC(Cl)CCl
0,0,TOX21880,Cc1cc(OC(=O)N(C)C)nn1C(=O)N(C)C
0,0,TOX4930,Cc1ccc(N)c(N)c1
0,0,TOX810,S=c1[nH]cnc2[nH]cnc12
0,0,TOX119,Cn1cnc([N+](=O)[O-])c1Sc1ncnc2nc[nH]c12
0,0,TOX27152,CCCC(=O)OC/C=C(\C)CCC=C(C)C
0,0,TOX25885,O=c1oc2cc(O)ccc2s1
0,0,TOX1801,CCN(CCO)c1cccc(C)c1
0,0,TOX27241,O=C1NC(=O)C(=O)C(=O)N1
0,0,TOX27244,OCCCC1CCCCC1
0,0,TOX28734,CC(NN)c1ccccc1
0,0,TOX24421,CC(=O)c1cccnc1
0,0,TOX1237,COC(=O)[C@H]1[C@H]2C[C@@H]3c4[nH]c5cc(OC)ccc5c4CCN3C[C@H]2C[C@@H](OC(=O)c2cc(OC)c(OC)c(OC)c2)[C@@H]1OC
0,0,TOX27525,CC[C@H](C)C(=O)O[C@H]1C[C@H](O)C=C2C=C[C@H](C)[C@H](CC[C@@H](O)C[C@@H](O)CC(=O)[O-])[C@H]21
0,0,TOX325,C[N+](C)(C)CCO
0,0,TOX28595,Cc1ccccc1N1CCN(CCc2nnc3n2CCCC3)CC1
0,0,TOX24633,CC1Cc2ccccc2N1NC(=O)c1ccc(Cl)c(S(N)(=O)=O)c1
0,0,TOX7521,O=Cc1cccc(Br)c1
0,0,TOX7525,CCCCC(CC)C(=O)[O-]
0,0,TOX2922,NS(=O)(=O)c1cc(Cl)c(Cl)c(S(N)(=O)=O)c1
0,0,TOX54,CCn1c2ccccc2c2cc(N)ccc21
0,0,TOX548,CCCCCCCCCCCCNC(=N)N
0,0,TOX617,C=CCc1ccc(O)c(OC)c1
0,0,TOX27873,OC[C@]1(O)OC[C@@H](O)[C@H](O)[C@@H]1O
0,0,TOX7341,NCCOCCO
0,0,TOX25221,Brc1c(NC2=NCCN2)ccc2nccnc12
0,0,TOX666,OCC1CO1
0,0,TOX22273,CC(C)c1ccc(O)c(C(C)C)c1
0,0,TOX26698,COc1cc2c(cc1OC)C(=O)C(CC1CCN(Cc3ccccc3)CC1)C2
0,0,TOX4465,Nc1nc2ccccc2[nH]1
0,0,TOX26451,CCCCCOC(=O)Nc1nc(=O)n([C@@H]2O[C@H](C)[C@@H](O)[C@H]2O)cc1F
0,0,TOX26501,O=C(O)Cc1ccc(CCNS(=O)(=O)c2ccc(Cl)cc2)cc1
0,0,TOX26344,Cc1ccc(C(=O)Nc2ccc(S(=O)(=O)O)c3cc(S(=O)(=O)O)cc(S(=O)(=O)O)c23)cc1NC(=O)c1cccc(NC(=O)Nc2cccc(C(=O)Nc3cc(C(=O)Nc4ccc(S(=O)(=O)O)c5cc(S(=O)(=O)O)cc(S(=O)(=O)O)c45)ccc3C)c2)c1
0,0,TOX26506,NC(=O)c1cn(Cc2c(F)cccc2F)nn1
0,0,TOX5010,OC(CCl)CCl
0,0,TOX26389,Cc1cccc(C)c1NC(=O)CN(CC(=O)O)CC(=O)O
0,0,TOX24466,O=C(O)c1cc(C(=O)O)c(C(=O)O)cc1C(=O)O
0,0,TOX28777,CN(C)C(=O)CNC(=O)Cc1ccccc1
0,0,TOX24373,NC(CO)(CO)CO
0,0,TOX443,CCCCOC(=O)COc1ccc(Cl)cc1Cl
0,0,TOX26059,COc1ccc(/C=C/C(=O)O)cc1
0,0,TOX5746,O=[N+]([O-])c1ccccc1-c1ccccc1
0,0,TOX18,CC(=O)Nc1ccc2c(c1)Cc1ccccc1-2
0,0,TOX1483,O=CCc1ccccc1
0,0,TOX3169,CCCCC1=NC2(CCCC2)C(=O)N1Cc1ccc(-c2ccccc2-c2nnn[nH]2)cc1
0,0,TOX25236,NC(=O)c1ccc[n+]([C@@H]2O[C@H](COP(=O)([O-])OP(=O)(O)OC[C@H]3O[C@@H](n4cnc5c(N)ncnc54)[C@H](O)[C@@H]3O)[C@@H](O)[C@H]2O)c1
0,0,TOX9904,OCCC(F)(F)C(F)(F)C(F)(F)C(F)(F)C(F)(F)C(F)(F)C(F)(F)C(F)(F)F
0,0,TOX27875,CC(C)C[P+](C)(CC(C)C)CC(C)C
0,0,TOX24447,COc1cccc(C=O)c1
0,0,TOX21250,CC(C)Nc1ccc(NC(C)C)c2c1C(=O)c1ccccc1C2=O
0,0,TOX27145,CC(C)=CC(=O)O
0,0,TOX22215,CCCCCCCCC(=O)Cl
1,1,TOX17577,CO/N=C1/C[C@]2(C[C@@H]3C[C@@H](CC=C(C)C[C@@H](C)C=CC=C4CO[C@@H]5[C@H](O)C(C)=C[C@@H](C(=O)O3)[C@]45O)O2)O[C@H](/C(C)=C/C(C)C)[C@H]1C
0,0,TOX2967,C[C@H]1O[C@@H](n2cc(F)c(=O)[nH]c2=O)[C@H](O)[C@@H]1O
0,0,TOX27581,CCCCCOC(=O)CCCCC
1,1,TOX3276,C[C@]12C=CC(=O)C=C1CC[C@@H]1[C@@H]2CC[C@@]2(C)[C@H]1CC[C@]2(C)O
0,0,TOX5409,COc1ccc2c(c1OC)C(=O)O[C@@H]2[C@H]1c2cc3c(cc2CCN1C)OCO3
0,0,TOX448,CC(Cl)CCl
0,0,TOX20732,O=C=Nc1ccc(Cl)cc1
0,0,TOX14957,CCOP(=O)(OCC)OP(=O)(OCC)OCC
0,0,TOX26242,COc1ccc(C(=O)c2ccc(C)cc2)c(O)c1
0,0,TOX1769,CC(=O)/C=C/C1=C(C)CCCC1(C)C
0,0,TOX22297,CCOP(=S)(OCC)Oc1cc(C)nc(N(CC)CC)n1
0,0,TOX7368,O=C(O)C[C@H](NC(=O)OCc1ccccc1)C(=O)O
1,1,TOX28789,C=CC[C@]1(O)CC[C@H]2[C@@H]3CCC4=CC(=O)CCC4=C3C=C[C@@]21C
0,0,TOX4110,CC(C)C(Nc1ccc(C(F)(F)F)cc1Cl)C(=O)OC(C#N)c1cccc(Oc2ccccc2)c1
0,0,TOX24728,O=C(CCS)OCC(COC(=O)CCS)(COC(=O)CCS)COC(=O)CCS
0,0,TOX24365,CC(C)(C)NC(N)=O
0,1,TOX26435,C[C@@H](O)[C@H]1C(=O)N2C(C(=O)[O-])=C(SC3Cn4cnc[n+]4C3)[C@H](C)[C@H]12
0,0,TOX9231,CC(CO)CO
0,0,TOX17696,CN/C=N/c1ccc(C)cc1C
0,0,TOX25376,N=C(N)NC(=N)N1CCOCC1
0,0,TOX5846,CCCCC
0,0,TOX28574,C=C1/C(=C\C=C2/CCC[C@]3(C)[C@@H]([C@H](C)OCCC(C)(C)O)CC[C@@H]23)C[C@@H](O)C[C@@H]1O
0,0,TOX6436,CC(C)(CO)[N+](=O)[O-]
0,0,TOX4370,CC(C)CC(C)(C)C
0,0,TOX7329,C=CCCCCCCCC
0,0,TOX27582,CCCCCCOC(=O)CC
0,0,TOX27950,O=C(c1ccc(O)c(O)c1)c1ccc(O)cc1O
0,1,TOX24936,C=CC(=O)OCCn1c(=O)n(CCOC(=O)C=C)c(=O)n(CCOC(=O)C=C)c1=O
0,0,TOX27675,CC1CCCC(=O)C1=O
0,0,TOX9189,N=C(N)N.N=C(N)N.O=C(O)O
0,0,TOX15206,C=CCSSCC=C
0,0,TOX27142,CC1=C(C=O)C(C)(C)CCC1
0,0,TOX27309,Cc1c(-c2cccnc2)c2ccccc2n1CCCCC(=O)O
0,0,TOX2004,ClCCCCl
1,1,TOX26889,C[C@]12Cc3nonc3C[C@@H]1CC[C@@H]1[C@@H]2CC[C@@]2(C)[C@H]1CC[C@]2(C)O
0,0,TOX1553,CCCCCCCCCC=O
0,0,TOX1294,O=S1(=O)CC=CC1
0,0,TOX28921,CO[C@@]1(NC(=O)Cc2cccs2)C(=O)N2C(C(=O)[O-])=C(COC(N)=O)CS[C@@H]21
0,0,TOX28752,Cc1nc([N+](=O)[O-])cn1-c1ccc([N+](=O)[O-])cc1
0,0,TOX21468,NC(=O)Nc1ccc(Cl)c(Cl)c1
1,1,TOX2880,C#C[C@]1(O)CC[C@H]2[C@@H]3CCC4=Cc5oncc5C[C@]4(C)[C@H]3CC[C@@]21C
0,0,TOX20699,O=C(O)C(c1ccc(Cl)cc1)c1ccc(Cl)cc1
0,0,TOX24679,CCCCCCCCP(=O)(O)O
0,0,TOX26073,O=C(O)CNC(=O)c1ccccc1
0,1,TOX1191,Nc1ccc2cc3ccc(N)cc3nc2c1
0,0,TOX25531,CCN[C@H]1CN(CCCOC)S(=O)(=O)c2sc(S(N)(=O)=O)cc21
1,1,TOX26677,CC[N+]1(CCOC(=O)C(O)(c2ccccc2)c2ccccc2)CCCCC1
0,0,TOX5421,O=C(NO)c1ccccc1
0,0,TOX28750,CCC(=O)O[C@H]1[C@@H](N2CCCCC2)C[C@H]2[C@@H]3CC[C@H]4C[C@H](OC(C)=O)[C@@H](N5CCCCC5)C[C@]4(C)[C@H]3CC[C@@]21C
0,0,TOX7158,O=C(Cl)OCc1ccccc1
0,0,TOX1780,CCOC(=O)c1ccccc1C(=O)OCC
0,1,TOX27325,Cc1nc(-c2ccc3c(c2)CCN(CCC2CCC(NC(=O)/C=C/c4ccc(F)cc4)CC2)CC3)no1
0,0,TOX28822,CN(C)CCc1c[nH]c2ccccc12
1,0,TOX28652,COCCc1ccc(OCC(O)CNC(C)C)cc1.COCCc1ccc(OCC(O)CNC(C)C)cc1.O=C(O)CCC(=O)O
0,0,TOX24811,Cc1cc(Cl)ccc1/N=C/N(C)C
0,0,TOX2396,O=c1cc(-c2ccccc2)oc2cc(O)cc(O)c12
0,0,TOX6223,CC(=O)OCCOCCOCCOC(C)=O
0,0,TOX5825,COc1ccc(Cc2nccc3cc(OC)c(OC)cc23)cc1OC
0,0,TOX9755,CCCCOC(O)CC
0,0,TOX7974,CC(=O)OC1CCC(C(C)(C)C)CC1
0,0,TOX24997,CN(C)Cc1cc(C(C)(C)C)c(O)c(C(C)(C)C)c1
0,1,TOX576,C#C[C@]1(O)CC[C@H]2[C@@H]3CCc4cc(O)ccc4[C@H]3CC[C@@]21C
1,1,TOX20742,C[C@]12C[C@H](O)[C@@]3(F)[C@@H](CCC4=CC(=O)C=C[C@@]43C)[C@@H]1C[C@@H](O)[C@]2(O)C(=O)CO
0,0,TOX25689,O=C(O)CC/C=C\CC[C@H]1[C@@H](OCc2ccc(-c3ccccc3)cc2)C[C@H](O)[C@@H]1N1CCCCC1
0,0,TOX2789,CN(C)CCC(O)(c1ccccc1)c1ccccc1Cl
1,1,TOX26754,CCCCCCC(=O)O[C@H]1CC[C@H]2[C@@H]3CC[C@H]4CC(=O)C=C(C)[C@]4(C)[C@H]3CC[C@]12C
0,0,TOX22232,CC(CC=O)CCCC(C)(C)O
0,0,TOX7360,NC(=O)[O-]
1,0,TOX26756,CC1(C)O[C@@H]2C[C@H]3[C@@H]4CCC5=CC(=O)C=C[C@]5(C)[C@H]4[C@@H](O)C[C@]3(C)[C@]2(C(=O)CO)O1
0,0,TOX2565,C=CCN1C(=O)C(CC(C)C)NC1=S
0,0,TOX6536,O=c1oc(=O)c2cc3c(=O)oc(=O)c3cc12
0,0,TOX7037,O=S1(=O)CCCC1
0,0,TOX24616,CCCC[P+](CCCC)(CCCC)CCCC
0,0,TOX3293,CN1C(=O)CC(C)(c2ccccc2)C1=O
1,1,TOX28524,CCCCC(=O)OCC(=O)[C@H]1[C@H](C)C[C@H]2[C@@H]3C[C@H](F)C4=CC(=O)C=C[C@]4(C)[C@@]3(F)[C@@H](O)C[C@@]21C
0,0,TOX90,Nc1ccccc1
0,0,TOX24469,NCCOS(=O)(=O)O
0,0,TOX18876,O=C(Oc1ccccc1)c1ccc2ccccc2c1O
0,0,TOX5240,C=CC1CO1
0,0,TOX9575,C=COCC1CCC(CO)CC1
0,0,TOX329,CN/C(=N\C#N)NCCSCc1nc[nH]c1C
0,0,TOX27428,CCOC(=O)COc1ccc(C)cc1
0,0,TOX1424,O=c1cc[nH]c(=O)[nH]1
0,0,TOX7388,CC(C)CCCCCOC(=O)CCCCC(=O)OCCCCCC(C)C
0,0,TOX25227,CN1CCN(C2=Nc3ccccc3Oc3ccc(Cl)cc32)CC1.O=C(O)CCC(=O)O
0,0,TOX3567,CS(=O)(=O)c1ccc(C2=C(c3ccccc3)C(=O)OC2)cc1
0,0,TOX7344,O=C1CCCCCCCCCCCN1
0,0,TOX7116,C[Si](Cl)(c1ccccc1)c1ccccc1
0,0,TOX26202,Cc1cnc(C(=O)O)c[n+]1[O-]
1,0,TOX22436,COc1cc(O)c(C(=O)c2ccccc2)cc1S(=O)(=O)O
0,0,TOX28900,Cc1nnc2n1-c1sc(CCC(=O)N3CCOCC3)cc1C(c1ccccc1Cl)=NC2
1,1,TOX25633,CCCCC(=O)O[C@]1(C(=O)CO)CC[C@H]2[C@@H]3CCC4=CC(=O)CC[C@]4(C)[C@H]3[C@@H](O)C[C@@]21C
0,0,TOX4998,O=[N+]([O-])c1ccc(Cl)cc1Cl
0,0,TOX2027,Nc1ccc(F)cc1
1,1,TOX26460,C[C@@H]1C[C@H]2[C@@H]3C[C@H](F)C4=CC(=O)C(Cl)=C[C@]4(C)[C@@]3(F)[C@@H](O)C[C@]2(C)[C@@]1(O)C(=O)CO
0,0,TOX7092,CCOC(=O)CC(C)=O
1,1,TOX2609,C[C@]12CC[C@H]3[C@@H](CC=C4C[C@@H](O)CC[C@@]43C)[C@@H]1CC[C@@H]2O
1,1,TOX25306,CC(=O)OCC(=O)[C@@]1(O)CC[C@H]2[C@@H]3CCC4=CC(=O)C=C[C@]4(C)[C@@]3(F)[C@@H](O)C[C@@]21C
0,0,TOX26633,CCCSSC(CCO)=C(C)N(C=O)Cc1cnc(C)nc1N
0,0,TOX3742,CC(=O)CC(c1ccccc1)c1c(O)c2ccccc2oc1=O
0,0,TOX4437,C=CCOC(C)=O
0,0,TOX26770,CN1CC(=O)N=C1NC(=O)Nc1cccc(Cl)c1
1,1,TOX890,Cc1cc(=O)[nH]c(=S)[nH]1
0,1,TOX26308,OB(O)O[Hg]c1ccccc1
0,0,TOX24834,CP(=O)([O-])OCCC[Si](O)(O)O
0,0,TOX26696,CCCc1nc(C)c2c(=O)nc(-c3cc(S(=O)(=O)N4CCN(CC)CC4)ccc3OCC)[nH]n12.O=C(O)CC(O)(CC(=O)O)C(=O)O
0,0,TOX28596,CCC(=O)[N-]S(=O)(=O)c1ccc(-c2c(-c3ccccc3)noc2C)cc1
0,0,TOX7567,CC(C)(CCl)C(=O)Cl
0,0,TOX27656,C=CCCCCCCCCO
1,1,TOX14186,CC(=O)S[C@@H]1CC2=CC(=O)CC[C@]2(C)[C@H]2CC[C@@]3(C)[C@@H](CC[C@@]34CCC(=O)O4)[C@@H]21
1,1,TOX28890,C[C@]12C[C@H](O)[C@H]3[C@@H](CCC4=CC(=O)C=C[C@@]43C)[C@@H]1CC[C@]2(O)C(=O)COC(=O)CCC(=O)O
0,0,TOX1359,CCCCNC(=O)NS(=O)(=O)c1ccc(C)cc1
0,0,TOX14855,CCCCOC(=O)[C@@H](C)Oc1ccc(Oc2ccc(C(F)(F)F)cn2)cc1
0,0,TOX27285,O=C(N[C@H]1CN2CCC1CC2)c1ccc2c(c1)OCCO2
0,0,TOX28948,CCCOc1ccc(C(=O)OCCN(CC)CC)cc1N
0,0,TOX27264,Oc1ccc2c(c1)OC[C@@H](N1CCC(O)(c3ccc(F)cc3)CC1)[C@H]2O
0,0,TOX401,Nc1ccc(O)c(N)c1
0,0,TOX28651,CCOC(=O)NNc1ccc(N(CC)CC(C)O)nn1
0,0,TOX21728,CCOc1ccc(N=Nc2ccc(C=Cc3ccc(N=Nc4ccc(OCC)cc4)cc3S(=O)(=O)[O-])c(S(=O)(=O)[O-])c2)cc1
0,0,TOX27659,CCCCCC=CCC(=O)OC
0,0,TOX28731,CC(=O)SCC(CC(=O)c1ccc(C)cc1)C(=O)O
0,0,TOX6612,CC(C)COC(=O)C(C)C
0,0,TOX1347,O=c1cc[nH]c(=S)[nH]1
0,1,TOX20579,C=C1C(=O)O[C@H]2[C@H]1CCC(C)=CCC[C@@]1(C)O[C@@H]21
0,0,TOX27665,CC(C)SCc1ccco1
0,0,TOX2009,CCCCCCNCCCCCC
1,0,TOX26187,OC(c1ccccc1)(c1ccccc1)C1CN2CCC1CC2
1,0,TOX8956,CCCCCCCCCCCCCCCCCCOCC(O)CO
0,0,TOX27672,Cc1cc(C(F)(C(F)(F)F)C(F)(F)F)ccc1NC(=O)c1cccc(I)c1C(=O)NC(C)(C)CS(C)(=O)=O
0,0,TOX24409,ClCCCCCCCl
0,0,TOX7959,CCCCOCC(C)OCC(C)O
1,1,TOX3049,CCC(=O)N(c1ccccc1)C1CCN(CCc2ccccc2)CC1
1,1,TOX366,CC(=O)O[C@]1(C(C)=O)CC[C@H]2[C@@H]3C=C(Cl)C4=CC(=O)[C@@H]5C[C@@H]5[C@]4(C)[C@H]3CC[C@@]21C
0,0,TOX5014,ClC(Cl)c1ccccc1
0,0,TOX3881,Clc1ccccc1-c1nnc(-c2ccccc2Cl)nn1
0,0,TOX76,Nc1nc[nH]n1
0,0,TOX27265,O=C(O)CCN(C1(C(=O)NO)CCCC1)S(=O)(=O)c1ccc(Oc2ccc(F)cc2)cc1
0,0,TOX14877,Cc1cc(C)nc(Nc2ccccc2)n1
0,0,TOX27177,Cc1ccc(-c2ccccc2)cc1
0,0,TOX589,CCc1ccc(C(c2ccc(CC)cc2)C(Cl)Cl)cc1
0,0,TOX25680,CN(C(=O)c1c(O)c2ccccc2n(C)c1=O)c1ccccc1
0,0,TOX764,CC(C)OC(=O)Nc1cccc(Cl)c1
0,0,TOX2521,CC(C)CCCCCCOC(=O)c1ccccc1C(=O)OCCCCCCC(C)C
0,0,TOX26243,Cc1ccc(C(C)(C)c2ccc(C)cc2)cc1
0,0,TOX4448,C=CCSSCCC
0,0,TOX26508,F/C(COc1ccc2c(c1)[nH]c1ccccc12)=C1/CN2CCC1CC2
0,0,TOX7875,CCCCCCCC/C=C\CCCCCCCC(=O)OC(CO)CO
0,0,TOX4318,CCNc1nc(NC(C)(C)C)nc(SC)n1
0,0,TOX26509,CC(C)Cc1ccc([C@@H](C)C(=O)NS(C)(=O)=O)cc1
0,0,TOX28716,CCN1CCN(c2cc(-c3ccc(F)cc3)c3c(n2)CCCCCC3)CC1
0,0,TOX25161,c1ccc2c(c1)OCC(C1=NCCN1)O2
1,1,TOX2364,C[C@]12CC[C@H]3[C@@H](CC[C@H]4CC(=O)CC[C@@]43C)[C@@H]1CC[C@@H]2O
0,0,TOX5423,NCCNCCO
0,0,TOX4442,C=CCBr
0,0,TOX7113,CC(C)C(O)C(C)(C)CO
0,0,TOX6224,COCCOCCOCCOC
0,0,TOX3725,COc1cc(C(=O)NC2CCCNC2)cc(OC)c1OC
0,0,TOX5058,CCN(CC)c1ccc(N)cc1
,0,TOX9474,CCCCCCCCCOCC1CO1
0,0,TOX444,CCCCC(CC)COC(=O)COc1ccc(Cl)cc1Cl
,0,TOX18875,COc1ccc(C(=O)c2ccc(OC)cc2O)c(O)c1
1,0,TOX25103,C[N+]1(C)[C@H]2CC[C@@H]1C[C@H](OC(=O)C(CO)c1ccccc1)C2
0,0,TOX440,CC(Oc1ccc(Cl)cc1Cl)C(=O)O
0,0,TOX446,CN(C)C(=O)Nc1ccc(Cl)c(Cl)c1
0,0,TOX17262,CC(=O)[C@H]1[C@H](C#N)C[C@H]2[C@@H]3CC=C4C[C@@H](O)CC[C@]4(C)[C@H]3CC[C@@]21C
0,0,TOX22279,CC(C)C(=O)OCCOc1ccccc1
0,0,TOX28799,C=CCC1([C@H](C)CCC)C(=O)NC(=O)NC1=O
0,0,TOX24332,C[N+](C)(C)Cc1ccccc1
0,0,TOX7096,CC(C)(O)C#CC(C)(C)O
1,1,TOX2857,C[C@]12CC(=O)[C@H]3[C@@H](CCC4=CC(=O)CC[C@@]43C)[C@@H]1CC[C@]2(O)C(=O)CO
0,0,TOX19719,O=[N+]([O-])[O-].O=[N+]([O-])[O-].[Ca+2]
0,0,TOX28823,CCCN(CCC)CCc1c[nH]c2ccccc12
0,0,TOX4994,O=c1[n-]c(=O)n(Cl)c(=O)n1Cl
1,1,TOX1384,FC(Cl)(Cl)Cl
0,0,TOX25162,CCn1ccnc1CC1COc2ccccc2O1
0,0,TOX4815,Cc1c(N)cccc1Cl
0,0,TOX27348,O=C(N[C@@H](c1ccccc1)[C@@H]1CCCCN1)c1cccc(C(F)(F)F)c1Cl
0,0,TOX3166,CNC(=O)c1c(I)c(C(=O)NCC(=O)Nc2c(I)c(C(=O)O)c(I)c(C(=O)NCCO)c2I)c(I)c(N(C)C(C)=O)c1I
0,0,TOX25351,COc1cc(NS(=O)(=O)c2ccc(N)cc2)ncn1
0,0,TOX29275,CCC(C)(C)CC
0,0,TOX27677,CC1OCCC1=O
0,0,TOX26730,CO/N=C(\C(=O)N[C@@H]1C(=O)N2C(C(=O)[O-])=C(CSc3nc(C)c(CC(=O)[O-])s3)CS[C@H]12)c1csc(N)n1
0,0,TOX26734,Nc1c2c(nc3c1CCC3)CCCC2
0,0,TOX26758,CN1[C@H]2CC[C@@H]1[C@@H](C(=O)O)[C@@H](OC(=O)c1ccccc1)C2
0,0,TOX3722,O=[N+]([O-])OCCN(CCO[N+](=O)[O-])CCO[N+](=O)[O-]
0,0,TOX28635,CCCCC(=O)[O-]
0,0,TOX2828,Nc1nc(Cl)nc2c1ncn2[C@H]1C[C@H](O)[C@@H](CO)O1
0,0,TOX9289,CCC12COCN1COC2
0,0,TOX1152,Oc1ccc(-c2ccccc2)cc1
1,0,TOX3540,CN(C)C(=O)Oc1ccc[n+](C)c1
0,0,TOX686,Cl[C@H]1[C@H](Cl)[C@@H](Cl)[C@@H](Cl)[C@H](Cl)[C@H]1Cl
0,0,TOX26262,Cc1ncc(C[n+]2csc(CCOP(=O)(O)OP(=O)(O)O)c2C)c(N)n1
0,0,TOX27327,CCn1nc(Cc2ccccc2)cc1C1CCN(C[C@H]2C[C@H](N(C)[C@@H](C(=O)O)C(C)C)C[C@@H]2c2cccc(F)c2)CC1
0,0,TOX7932,CCCCCCCCCC(CC)c1ccc(S(=O)(=O)O)cc1.OCCN(CCO)CCO
0,1,TOX7950,C=CC(=O)OCCOCC(CC)(COCCOC(=O)C=C)COCCOC(=O)C=C
0,0,TOX25803,COc1cc2c(cc1OC)[C@@H](c1ccccc1)CN(C)CC2
0,0,TOX669,CC1(C)[C@@H](O)CC[C@@]2(C)[C@H]1CC[C@]1(C)[C@@H]2C(=O)C=C2[C@@H]3C[C@@](C)(C(=O)O)CC[C@]3(C)CC[C@]21C
0,0,TOX18926,O=C(OCc1ccccc1)C(=O)OCc1ccccc1
0,0,TOX29270,CCC[N+]1(C)CCCC1
0,0,TOX25168,Cc1ccccc1CNc1ncnc2c1ncn2[C@@H]1O[C@H](CO)[C@@H](O)[C@H]1O
0,0,TOX14818,COP(=O)(OC)SCn1c(=O)oc2cc(Cl)cnc21
0,0,TOX26388,Nc1nc(N)c(-c2ccccc2)s1
0,0,TOX28572,Nc1ccc(S(=O)(=O)[N-]c2ncccn2)cc1.[Ag+]
0,0,TOX8120,C=CC(C)(C)CC(=O)OC
0,0,TOX2944,COc1ccc2cc1Oc1cc3c(cc1OC)CC[N+](C)(C)[C@H]3Cc1ccc(cc1)Oc1c(OC)c(OC)cc3c1[C@@H](C2)[N+](C)(C)CC3
0,0,TOX24832,COC(C=C(C)CCC=C(C)C)OC
0,0,TOX24488,N#CC1(N)CCCCC1
0,0,TOX24370,CCCCNc1ccccc1
0,0,TOX6202,O=[N+]([O-])c1ccc(Cl)c(Cl)c1Cl
0,0,TOX20342,CCC1COC(=O)O1
0,0,TOX5889,ONc1ccccc1
0,0,TOX28883,Cc1ccc(-n2nc(C(C)(C)C)cc2NC(=O)Nc2ccc(OCCN3CCOCC3)c3ccccc23)cc1
0,0,TOX7131,c1nc[nH]n1
1,0,TOX647,O=Cc1ccco1
0,0,TOX20719,CC(=O)CC(=O)Nc1ccc(C)cc1C
0,0,TOX7608,CCNc1nc(Cl)nc(NC(C)(C)C)n1
0,0,TOX4993,O=c1[nH]c(=O)n(Cl)c(=O)n1Cl
0,0,TOX27633,CCCCCCCC/C=C\CCCCCCCC(=O)OCC
0,0,TOX2743,O=NN(CCCl)C(=O)NCCCl
0,0,TOX2179,Clc1nc(Cl)c(Cl)c(Cl)c1Cl
1,1,TOX26410,CC(=O)N1C[C@H](O)C[C@H]1C(=O)O
0,0,TOX24812,COC(C)CCO
0,0,TOX11089,O=C1OC2(c3cc(Br)c(O)c(Br)c3Oc3c2cc(Br)c(O)c3Br)c2c(Cl)c(Cl)c(Cl)c(Cl)c21
0,0,TOX52,Nc1c(Br)cc(Br)c2c1C(=O)c1ccccc1C2=O
0,0,TOX27425,CCCCc1ccc(O)cc1
0,0,TOX4660,Cc1ccccc1Br
0,0,TOX21803,[Cu]I
1,1,TOX3706,C[C@]12CC[C@H]3[C@@H](CC[C@@]45O[C@@H]4C(O)=C(C#N)C[C@]35C)[C@@H]1CC[C@@H]2O
0,1,TOX28924,Cc1ccc2c(Cl)cc(Cl)c(O)c2n1
0,0,TOX22218,CCCCCOC(=O)CCCC
0,0,TOX27816,CCN(CC)C(C)C(=O)c1ccccc1
0,1,TOX24525,CC(O)C(=O)O[Hg]c1ccccc1
1,1,TOX14113,C[C@]12CC[C@H]3[C@@H](CCC4=C(O)C(=O)CC[C@@]43C)[C@@H]1CCC2=O
0,0,TOX28710,CCOC(=O)Cc1cccc(-c2cc(CCCCCCc3ccc(O[C@H]4O[C@H](COC(C)=O)[C@@H](OC(C)=O)[C@H](OC(C)=O)[C@@H]4OC(C)=O)c(-c4cccc(CC(=O)OCC)c4)c3)ccc2O[C@H]2O[C@H](COC(C)=O)[C@@H](OC(C)=O)[C@H](OC(C)=O)[C@@H]2OC(C)=O)c1
0,0,TOX28516,CO/N=C(/C(=O)N[C@@H]1C(=O)N2C(C(=O)OCOC(=O)C(C)(C)C)=C(C)CS[C@H]12)c1csc(N)n1
1,1,TOX28638,C[C@]12CC[C@H]3[C@@H](CCC4=CC(=O)CC[C@@]43C)[C@@H]1CC[C@@H]2OC(=O)CCc1ccccc1
0,0,TOX21981,O=C(O)CF
0,0,TOX27090,Cc1cccc2nccnc12
0,0,TOX26779,CC(C)CN(C[C@@H](O)[C@H](Cc1ccccc1)NC(=O)O[C@H]1CO[C@H]2OCC[C@@H]12)S(=O)(=O)c1ccc(N)cc1
0,0,TOX27178,CCCCCCCCCCCCCCCCCC(=O)OCC(CC)CCCC
0,0,TOX13876,BrCCc1ccccc1
0,0,TOX10307,Nc1cc(Cl)cc(Cl)c1
0,0,TOX20284,O=C(O)Cc1c(Cl)ccc(Cl)c1Cl
0,0,TOX4704,Cc1ccc(C(C)(C)C)cc1
0,0,TOX28735,CCCCC/C=C\C/C=C\CCCCCCCC(=O)NC(C)c1ccccc1
0,0,TOX1842,ON=C1CCCCC1
0,0,TOX5744,O=[N+]([O-])c1ccccc1CCl
0,0,TOX27263,CCn1nc(C)c2c1C(=O)NCC(c1ccc(O)cc1)=N2
0,0,TOX27420,COc1cc(CCC(C)=O)ccc1O
0,1,TOX28738,COC(=O)C1=C(C)NC(COC(N)=O)=C(C(=O)OC(C)C)C1c1cccc(Cl)c1Cl
0,0,TOX1902,BrCCCBr
0,0,TOX29384,C1CCC2=NCCCN2CC1
0,0,TOX361,NC1CCCCC1
1,1,TOX3350,C[C@]12CC[C@@H]3[C@H]4CCC(=O)C=C4CC[C@H]3[C@@H]1CC[C@@H]2O
0,0,TOX5018,C1CCC(NC2CCCCC2)CC1
0,0,TOX27328,NC(=O)c1nc(-c2cccc(-c3cc(F)ccc3OCC(F)(F)C(F)(F)F)c2)n[n-]1
0,0,TOX26222,c1ccc(OCc2ccc(CCCN3CCOCC3)cc2)cc1
0,0,TOX24508,Cl[Ba]Cl
0,0,TOX29082,CCCCN(CCCC)C(=S)SSC(=S)N(CCCC)CCCC
0,0,TOX3068,OCCN1CCN(CCCN2c3ccccc3Sc3ccc(C(F)(F)F)cc32)CC1
1,1,TOX3353,C[C@]12CC[C@@H]3[C@H]4CCC(=O)C=C4CC[C@H]3[C@@H]1CC[C@@H]2OC(=O)CCc1ccccc1
0,0,TOX464,CCOC(=O)/C=C\C(=O)OCC
0,0,TOX760,O=P1(NCCCl)OCCCN1CCCl
0,0,TOX6889,CCCCCCCCCCCC(=O)OC
0,0,TOX27032,CC1=CC[C@@]23CC1C(C)(C)[C@@H]2CC[C@H]3C
0,0,TOX2808,CN(C)CCCN1c2ccccc2Sc2ccc(Cl)cc21
0,0,TOX5249,CCCCCCCCCCCCC1CO1
0,0,TOX154,Oc1ccc(Cl)cc1Cc1ccccc1
0,0,TOX17248,COCCc1ccc(OCC(O)CNC(C)C)cc1.COCCc1ccc(OCC(O)CNC(C)C)cc1
0,0,TOX1311,CC(C)(C)c1cc(C(C)(C)C)c(O)c(C(C)(C)C)c1
0,0,TOX1805,O=C(/C=C/C=C/c1ccc2c(c1)OCO2)N1CCCCC1
0,0,TOX25683,CC(Cc1ccccc1)(NC(=O)CN)c1ccccc1
0,0,TOX3323,OCCN1C[C@H](O)[C@@H](O)[C@H](O)[C@H]1CO
0,0,TOX9062,CCC(OCCCOC)OC(C)=O
1,0,TOX708,NNc1ccc(C(=O)O)cc1
0,0,TOX3088,OC[C@H]1OC(O)[C@H](O)[C@@H](O)[C@H]1O
0,0,TOX28714,O=C(O)CNC(=O)CNC(=O)CNC(=O)CSC(=O)c1ccccc1
0,0,TOX671,CCN(Cc1cccc(S(=O)(=O)[O-])c1)c1ccc(C(=C2C=CC(=[N+](CC)Cc3cccc(S(=O)(=O)[O-])c3)C=C2)c2ccccc2)cc1
0,0,TOX26503,CC(=O)[C@H]1CC[C@H]2[C@@H]3CC[C@H]4C[C@](C)(O)CC[C@]4(C)[C@H]3CC[C@]12C
0,1,TOX4209,COP(=O)(OC)OC(Br)C(Cl)(Cl)Br
0,0,TOX24916,C=C(C)C(=O)OCCOP(=O)(O)OCCOC(=O)C(=C)C
1,1,TOX26067,C[C@]12C[C@H](O)[C@H]3[C@@H](C[C@H](F)C4=CC(=O)C=C[C@@]43C)[C@@H]1CC[C@]2(O)C(=O)CO
0,0,TOX4317,Cc1[nH]c(=O)n(C(C)(C)C)c(=O)c1Cl
0,0,TOX1864,Cc1ccc(O)c(C)c1
0,0,TOX25916,COc1ccccc1OCCNCC(O)COc1cccc2[nH]c3ccccc3c12
0,0,TOX27427,CCCCCC(CC)OC(=O)CCCOc1ccc(Cl)cc1Cl
1,1,TOX27312,N#Cc1ccc(N(CC(N)=O)CC(F)(F)F)cc1C(F)(F)F
0,0,TOX27364,O=C(N[C@H](c1ccccc1)[C@@H]1CN2CCC1CC2)c1c(Cl)ccc(C(F)(F)F)c1Cl
0,0,TOX26690,CCC(C)(C)c1ccc(CC(C)CN2C[C@H](C)O[C@H](C)C2)cc1
0,0,TOX4574,NC(=O)Nc1nc2ccccc2[nH]1
0,0,TOX24289,CN(C)CCc1c[nH]c2ccc(CS(=O)(=O)N3CCCC3)cc12
0,0,TOX24837,OCCC1CCCCN1
0,0,TOX6267,Cc1cc(C)cc(OP(=O)(Oc2cc(C)cc(C)c2)Oc2cc(C)cc(C)c2)c1
0,0,TOX29272,O=[N+]([O-])c1ccc2[nH]ncc2c1
0,0,TOX28519,CO/N=C(/C(=O)N[C@@H]1C(=O)N2C(C(=O)[O-])=C(C[n+]3ccn4ncccc43)CS[C@H]12)c1nsc(N)n1
0,0,TOX7178,COC(C)OC
0,0,TOX24996,CC1CC(=O)CC(C)(C)C1
0,0,TOX29317,CCCN1C=CN(C)C1
0,0,TOX27418,CC/C=C\CCOC(C)OCC
0,1,TOX294,CC(=O)Nc1ccc(C(=O)CCl)cc1
0,0,TOX3529,Cc1c(C(C)C)c(=O)n(-c2ccccc2)n1C
0,0,TOX447,O=S(=O)(Oc1ccc(Cl)cc1Cl)c1ccccc1
0,0,TOX27936,Oc1ccc(Sc2ccc(O)cc2)cc1
0,0,TOX3546,OCCOCCN1CCN(C2=Nc3ccccc3Sc3ccccc32)CC1
0,0,TOX1278,CC(C)NCC(O)c1ccc(NS(C)(=O)=O)cc1
0,0,TOX25350,NCC1CCC(C(=O)O)CC1
0,0,TOX20694,CCCCOC(=O)c1ccccc1
0,0,TOX14609,N#Cc1nn(-c2c(Cl)cc(C(F)(F)F)cc2Cl)c(N)c1S(=O)C(F)(F)F
0,0,TOX28776,CCOC(=O)c1ccc(NC(=O)CN2CCCCC2)cc1
0,0,TOX4112,CS(=O)(=O)NC(=O)c1cc(Oc2ccc(C(F)(F)F)cc2Cl)ccc1[N+](=O)[O-]
0,1,TOX26307,CN1CCC(Nc2ncc3ncnc(Nc4ccc(F)c(Cl)c4)c3n2)CC1
0,0,TOX29087,CCCCn1cc[n+](C)c1.F[B-](F)(F)F
0,0,TOX9182,CC(C)CC(=O)O
0,0,TOX21210,CC1=CCC(C(C)C)=CC1
0,0,TOX26186,O=C(CCCN1CCN2CCCC2C1)c1ccc(F)cc1
0,0,TOX424,C=C(C)C(=O)Nc1ccc(Cl)c(Cl)c1
0,0,TOX5078,Cc1cc(=O)oc2cc(O)cc(O)c12
0,0,TOX2391,O=c1cc(-c2ccc(O)cc2)oc2cc(O)cc(O)c12
0,0,TOX21425,CCC/C=C/C=O
0,0,TOX17072,CCCC(CCC)C(=O)[O-]
1,1,TOX3794,C[C@]12C/C(=C/O)C(=O)C[C@@H]1CC[C@@H]1[C@@H]2CC[C@@]2(C)[C@H]1CC[C@]2(C)O
0,0,TOX14833,O=C([O-])Cc1cccc2ccccc12
0,0,TOX25429,CN[C@H]1[C@@H](O)[C@@H](NC)[C@H](O)[C@H]2O[C@@H]3O[C@H](C)CC(=O)[C@]3(O)O[C@H]12
0,0,TOX5591,CN(CCO)CCO
0,0,TOX4337,CCN(CC)C(=O)SCc1ccc(Cl)cc1
0,0,TOX29001,CCOC(=O)CN[C@@H](C(=O)N1CC[C@H]1C(=O)NCc1ccc(/C(N)=N/O)cc1)C1CCCCC1
0,0,TOX22256,OC(c1ccc(Cl)cc1)(c1ccc(Cl)cc1)c1cccnc1
0,0,TOX24514,CCCCCCOC(=O)c1ccc(O)cc1
0,1,TOX1409,O[Sn](c1ccccc1)(c1ccccc1)c1ccccc1
0,0,TOX6652,CC(C)c1ccc(C(C)C)cc1
,0,TOX5742,O=C(Cl)c1ccc([N+](=O)[O-])cc1
0,0,TOX5102,CN(C)CCCN
0,0,TOX29098,CC(C)(C)OC(=O)N1C[C@@H](F)C[C@H]1C(=O)O
0,0,TOX27654,CCCCCCCCCCCCCC(=O)OCC
0,0,TOX28941,CN1CCN(CCCN2c3ccccc3Sc3ccc(Cl)cc32)CC1
0,0,TOX28506,N#C[C@@H]1C[C@@H]2C[C@@H]2N1C(=O)[C@@H](N)C12CC3CC(CC(O)(C3)C1)C2
0,0,TOX26236,CC(=O)Oc1cc(C)c(OC(C)=O)c2ccccc12
0,0,TOX2940,COc1ccc([C@@H]2Sc3ccccc3N(CCN(C)C)C(=O)[C@@H]2OC(C)=O)cc1
1,1,TOX25602,C[C@]12CC[C@H]3[C@@H](C=CC4=CC(=O)CC[C@@]43C)[C@@H]1CC[C@@]2(O)CCC(=O)[O-]
0,0,TOX27440,CC(C)c1ccc(C#N)cc1
0,0,TOX1053,CN(N=O)c1ccccc1
0,0,TOX7933,CC(C)CCCCCOC(=O)c1ccccc1C(=O)OCCCCCC(C)C
0,0,TOX28770,CN(CC1(C)CCCO1)S(=O)(=O)c1ccc(Cl)c(S(N)(=O)=O)c1
0,0,TOX1258,CN1[C@H]2C[C@H](OC(=O)[C@H](CO)c3ccccc3)C[C@@H]1[C@H]1O[C@@H]21
0,0,TOX21783,NC(=S)c1c(Cl)cccc1Cl
1,0,TOX2562,Cc1ccccc1-n1c(CF)nc2ccc(N)cc2c1=O
0,0,TOX7916,CCC(C)(CCC(C)C)C(=O)O
0,0,TOX18924,CCCCCCOc1ccccc1C(=O)O
0,0,TOX27610,O=CCCc1ccccc1
0,0,TOX17717,Oc1ccc(C(c2ccc(O)cc2)(C(F)(F)F)C(F)(F)F)cc1
0,0,TOX28944,COC(=O)C(Cl)C(=O)OC
0,0,TOX4573,c1ccc2[nH]cnc2c1
0,1,TOX26497,CCCCC(=O)OCC(=O)[C@]1(O)Cc2c(O)c3c(c(O)c2[C@@H](O[C@H]2C[C@H](NC(=O)C(F)(F)F)[C@H](O)[C@H](C)O2)C1)C(=O)c1c(OC)cccc1C3=O
0,1,TOX27821,CCOC(=O)C1(c2ccccc2)CCN(CCC(C#N)(c2ccccc2)c2ccccc2)CC1
0,0,TOX4999,O=[N+]([O-])c1ccc(Cl)c(Cl)c1
0,0,TOX26835,CN(C)CCC=C1c2ccccc2C(C)(C)c2ccccc21
0,0,TOX9710,O=P(Cl)(Cl)Cl
0,0,TOX4447,C=CCOC(=O)CCCCCCCC
0,0,TOX20698,CC(C)COP(=O)(OCC(C)C)OCC(C)C
0,0,TOX1657,CC(=O)c1ccc(C(C)=O)cc1
0,0,TOX6446,CCCCOC(=O)CC(CC(=O)OCCCC)(OC(C)=O)C(=O)OCCCC
0,0,TOX21550,CC(C)=CCC[C@H](C)CCO
0,0,TOX22061,CC(=O)O[C@@H]1C[C@H]2CC[C@]1(C)C2(C)C
0,0,TOX6228,CCOP(=O)(OCC)OCC
0,0,TOX22618,Cc1cc(C)cc(C(=O)OC2C[C@@H]3CC[C@H](C2)N3C)c1
0,0,TOX9234,C=CC(C)CCC=C(C)C
0,0,TOX18855,Fc1cccc(Cl)c1CCl
0,0,TOX26260,O=C1CC[C@@H](C(=O)O)N1
1,0,TOX1277,C/C=C/C=C/C(=O)O
0,0,TOX7323,O=[N+]([O-])c1ccc(Nc2ccccc2)cc1
0,0,TOX13649,COC(=O)CC#N
0,1,TOX28130,O=[N+]([O-])C=Cc1ccccc1
0,0,TOX24486,CC(C)NC(=O)NC(C)C
1,1,TOX26788,C#C[C@]1(O)CC[C@H]2[C@@H]3CCC4=C/C(=N/O)CC[C@@H]4[C@H]3CC[C@@]21CC
0,1,TOX25701,N[C@H]1[C@@H]2CN(c3nc4c(cc3F)c(=O)c(C(=O)O)cn4-c3ccc(F)cc3F)C[C@H]12
0,0,TOX26908,N[C@@H](Cc1ccc(Oc2cc(I)c(O)c(I)c2)c(I)c1)C(=O)O
0,0,TOX4030,Cl/C=C\Cl
1,1,TOX2377,C[C@]12CC[C@@H]3c4ccc(O)cc4CC[C@H]3[C@@H]1CC[C@H]2O
0,0,TOX25082,C=C[C@H]1CN2CCC1C[C@@H]2[C@@H](O)c1ccnc2ccccc12
1,1,TOX614,C#C[C@]1(OC(C)=O)CC[C@H]2[C@@H]3CCC4=C[C@@H](OC(C)=O)CC[C@@H]4[C@H]3CC[C@@]21C
0,0,TOX6203,O=[N+]([O-])c1cc(Cl)c(Cl)cc1Cl
0,0,TOX25685,CC1(c2ccccc2)OC(C(=O)O)=CC1=O
0,0,TOX9279,O=C(O)c1cc(C(=O)O)cc(S(=O)(=O)[O-])c1
0,0,TOX29276,CCC[N+]1(C)CCCC1
0,0,TOX9739,F[B-](F)(F)F.[H+]
0,0,TOX2006,CCCCCCOC(C)=O
0,0,TOX26188,NNC(=O)CP(=O)(c1ccccc1)c1ccccc1
1,0,TOX26454,C#Cc1cccc(Nc2ncnc3cc(OCCOC)c(OCCOC)cc23)c1
0,0,TOX28759,Cn1cc(S(C)=O)c(=O)c2ccc(F)cc21
0,0,TOX25677,CC1(C)Oc2ccc(C#N)cc2[C@@H](N2CCCC2=O)[C@@H]1O
0,0,TOX27249,CCc1cc(C2=C(C(=O)[O-])N(c3ccccc3C(F)(F)F)S(=O)(=O)c3ccccc32)cc2c1OCO2
0,0,TOX5055,CCCCC(CC)COC(=O)CCCCCCCCC(=O)OCC(CC)CCCC
0,0,TOX1270,[O-]c1c(Cl)cc(Cl)cc1Sc1cc(Cl)cc(Cl)c1[O-]
0,0,TOX9218,CCc1ccc(Br)cc1
1,1,TOX25642,C[C@]12CC[C@H]3[C@@H](CCC4=CC(=O)CC[C@@]43C)[C@@H]1CC[C@]2(O)C(=O)CO
1,1,TOX3037,C=C1C[C@@H]2[C@H](CC[C@]3(C)C(=O)CC[C@@H]23)[C@@]2(C)C=CC(=O)C=C12
0,0,TOX4515,[O-][Cl+3]([O-])([O-])[O-]
0,0,TOX20583,CCCN1C[C@H](CSC)C[C@@H]2c3cccc4[nH]cc(c34)C[C@H]21
0,0,TOX583,C=CC(=O)OCC
0,0,TOX28961,Cc1ccc(Nc2c(F)cccc2Cl)c(CC(=O)O)c1
1,1,TOX25365,C[C@@H]1C[C@H]2[C@@H]3C[C@H](F)C4=CC(=O)C=C[C@]4(C)[C@@]3(F)[C@@H](O)C[C@]2(C)[C@@]1(O)C(=O)CO
0,0,TOX21256,OCCCCCO
0,0,TOX4463,Nc1ccccc1S(=O)(=O)O
0,0,TOX4687,CC(C)(C)c1ccc(O)c(O)c1
0,0,TOX12316,Cc1cc(O)cc(C)c1Cl
0,1,TOX29127,O=C1CCCc2c1cc1ccc3cccc4ccc2c1c34
0,0,TOX20738,CN(C)CCCN1c2ccccc2CCc2ccccc21
0,1,TOX5401,C=CC(=O)OCCCCCCOC(=O)C=C
1,1,TOX3016,C#C[C@]1(O)CC[C@H]2[C@@H]3CCC4=CC(=O)CC[C@]4(C)[C@H]3CC[C@@]21C
0,0,TOX24873,C=CC(=O)OCCCCCCCCCC
0,0,TOX28579,CCCCc1oc2ccc(NS(C)(=O)=O)cc2c1C(=O)c1ccc(OCCCN(CCCC)CCCC)cc1
0,0,TOX12416,CSc1nc(NC2CC2)nc(NC(C)(C)C)n1
1,1,TOX1414,CCCCC(CC)COP(=O)(OCC(CC)CCCC)OCC(CC)CCCC
0,0,TOX4598,O=C(OCc1ccccc1)c1ccccc1O
1,1,TOX25502,CCOC(=O)O[C@]1(C(=O)COC(=O)CC)CC[C@H]2[C@@H]3CCC4=CC(=O)C=C[C@]4(C)[C@H]3[C@@H](O)C[C@@]21C
0,0,TOX7342,[S-]c1ccccc1
0,0,TOX1986,CCCCOP(=O)(OCCCC)OCCCC
0,0,TOX26343,CC(O)CCCCn1c(=O)c2c(ncn2C)n(C)c1=O
0,0,TOX4338,COC(=O)NC(=S)Nc1ccccc1NC(=S)NC(=O)OC
0,0,TOX11248,c1cc[n+]2c(c1)-c1cccc[n+]1CC2
0,0,TOX20676,Cc1cnc(C(=O)NCCc2ccc(S(=O)(=O)NC(=O)NC3CCCCC3)cc2)cn1
0,0,TOX24746,CC(C)OC(=O)c1ccccc1
0,0,TOX23814,CN1CCc2cc(Cl)c(O)cc2[C@H]2c3ccccc3CC[C@@H]21
0,0,TOX26268,C=CCN1CCCC1CNC(=O)c1cc(S(N)(=O)=O)cc(OC)c1OC
0,0,TOX3548,CCC1NC(=O)c2cc(S(N)(=O)=O)c(Cl)cc2N1
0,0,TOX4315,CCCCC(C#N)(Cn1cncn1)c1ccc(Cl)cc1
0,0,TOX6033,CCCCC(CC)COS(=O)(=O)[O-]
0,0,TOX3786,CN=C=O
0,0,TOX24355,c1ccc(CNCc2ccccc2)cc1
0,0,TOX26942,CNCCCN1c2ccccc2CCc2ccccc21
1,0,TOX341,COc1ccc2c3c1O[C@H]1[C@@H](O)C=C[C@H]4[C@@H](C2)N(C)CC[C@]314
0,0,TOX9237,C=C(C)C(=O)OCCC[Si](OC)(OC)OC
0,0,TOX857,CNc1ncnc2[nH]cnc12
0,0,TOX26206,O=C(c1cc2ccccc2o1)N1CCN(Cc2ccccc2)CC1
0,0,TOX20656,CC(C)C(Br)C(=O)NC(N)=O
0,0,TOX3103,CC(C)(C)c1nnc(NS(=O)(=O)c2ccccc2)s1
1,1,TOX25254,C[C@]12CC[C@H]3[C@@H](CCC4=CC(=O)CC[C@@]43C)[C@@H]1CC[C@@H]2C(=O)CO
0,0,TOX25292,CCN1CCCC(OC(=O)C(c2ccccc2)c2ccccc2)C1
0,0,TOX2527,CCCOC(=O)c1ccc(O)cc1
0,0,TOX21573,CCOC(=O)CP(=O)(OCC)OCC
0,0,TOX25805,CC(C)(C)NCC(O)c1ccccc1Cl
0,0,TOX9169,CCCCCC[C@@H](O)C/C=C\CCCCCCCC(=O)OC
0,0,TOX7509,COC(=O)CCS
0,0,TOX14005,NS(=O)(=O)O
0,0,TOX5849,C=CCCC
0,0,TOX10138,CC(=O)CCC(C)=O
0,0,TOX1575,CC(Cl)(Cl)C(=O)O
0,0,TOX25711,COc1ccccc1N1CCN(CCCC(=O)c2ccc(F)cc2)CC1
0,0,TOX29381,C[N+](C)(C)CC(=O)[O-]
1,1,TOX2667,C[C@H]1C[C@H]2[C@@H]3CCC4=CC(=O)C=C[C@]4(C)[C@@]3(F)[C@@H](O)C[C@]2(C)[C@@]1(O)C(=O)CO
0,0,TOX4077,C1CSCCS1
0,0,TOX425,O=C1C(Cl)=C(Cl)C(=O)c2ccccc21
0,0,TOX6059,N#CCCC#N
0,0,TOX27091,CCC(=O)OC(C)c1ccccc1
1,0,TOX9217,CCCOCC(C)O
0,0,TOX300,ClC(Br)Br
0,0,TOX1761,CC(N)CN
0,0,TOX22188,CCCCNC(=O)NCCCC
0,0,TOX2846,Clc1cccc(Cl)c1N=C1NCCN1
0,0,TOX4376,CCCSC(=O)N(CCC)CCC
0,0,TOX24405,N=C(N)NN
0,0,TOX2049,Cc1cc(C)c(O)c(C)c1
1,1,TOX3260,C[C@H]1C[C@H]2[C@@H]3CCC4=CC(=O)C=C[C@]4(C)[C@H]3C(=O)C[C@]2(C)[C@@]1(O)C(=O)CO
0,0,TOX27589,CCCCCc1cccc(=O)o1
0,0,TOX4113,CCOP(=S)(CC)Sc1ccccc1
0,0,TOX24635,C=Cc1ccc(S(=O)(=O)[O-])cc1
0,0,TOX7308,CCCCC(CC)C(=O)Cl
0,0,TOX11492,C=C(C)OC(C)=O
0,0,TOX28888,O=P([O-])([O-])OC(CO)CO
0,0,TOX20714,Cc1cc(C)c(N)c(Cl)c1
0,0,TOX26455,CC[C@H]1OC(=O)[C@H](C)C(=O)[C@H](C)[C@@H](O[C@@H]2O[C@H](C)C[C@H](N(C)C)[C@H]2O)[C@](C)(OC)C[C@@H](C)C(=O)[C@H](C)[C@H]2N(CCCCn3cnc(-c4cccnc4)c3)C(=O)O[C@]12C
0,0,TOX131,[Ba+2]
0,0,TOX26921,CNC(=O)C[C@@H](N)C(=O)N[C@@H](C(=O)N[C@@H]1C(=O)N2[C@@H](C(=O)O)C(C)(C)S[C@H]12)c1ccc(O)cc1
0,0,TOX22062,CCC(=O)O[C@@H]1C[C@H]2CC[C@]1(C)C2(C)C
1,0,TOX26223,CCOc1ccc(N=Nc2ccc(N)cc2N)cc1
1,1,TOX6796,COCC(C)OC(C)=O
0,0,TOX6209,Oc1c(Cl)ccc(Cl)c1Cl
0,0,TOX5395,C[Si](C)(C)N[Si](C)(C)C
0,0,TOX27303,NC(=O)N(O)[C@@H]1C=C[C@H](Oc2cccc(Oc3ccc(F)cc3)c2)C1
0,0,TOX27078,C=C(C)[C@@H]1CC=C(C)CC1
0,0,TOX7522,CC(C)(C)CC(C)(C)c1ccc(O)c(-n2nc3ccccc3n2)c1
0,0,TOX1216,COc1ccc(CN(CCN(C)C)c2ccccn2)cc1
0,0,TOX4597,O=C(Cc1ccccc1)OCc1ccccc1
0,0,TOX25543,C[N+]1(C)[C@H]2CC[C@@H]1C[C@H](OC(=O)C(CO)c1ccccc1)C2
0,1,TOX23765,C[C@@H]1O[C@@H](O[C@H]2C[C@@H](O)[C@]3(CO)[C@H]4[C@H](O)C[C@]5(C)[C@@H](C6=CC(=O)OC6)CC[C@]5(O)[C@@H]4CC[C@]3(O)C2)[C@H](O)[C@H](O)[C@H]1O
0,0,TOX28967,CC(C)OC(=O)c1cc2c(OCC(O)CNC(C)(C)C)cccc2[nH]1
1,1,TOX21206,c1csc(-c2ccc(-c3cccs3)s2)c1
0,0,TOX1151,Oc1ccccc1-c1ccccc1
1,1,TOX22324,CC(=O)CC(c1ccccc1)c1c([O-])c2ccccc2oc1=O
0,0,TOX27484,O.O.O.O.O.O.O=[N+]([O-])[O-].O=[N+]([O-])[O-].[Mg+2]
0,0,TOX24638,CCO[Si](C)(CCCOCC1CO1)OCC
0,0,TOX24878,CCCOC(=O)c1ccccc1
0,0,TOX5110,CC(C)(C)OOC(C)(C)CCC(C)(C)OOC(C)(C)C
1,1,TOX2898,C#C[C@]1(O)CC[C@H]2[C@@H]3CCC4=CCCC[C@@H]4[C@H]3C(=C)C[C@@]21CC
0,0,TOX25238,O=c1[nH]c(=O)n([C@H]2C[C@H](O)[C@@H](CO)O2)cc1I
0,0,TOX26263,Cc1cc(O)cc2c1O[C@](C)(CCC[C@H](C)CCC[C@H](C)CCCC(C)C)CC2
0,0,TOX26225,O=S(c1cc(Cl)cc(Cl)c1O)c1cc(Cl)cc(Cl)c1O
0,0,TOX407,CCOP(=S)(OCC)Oc1cc(C)nc(C(C)C)n1
0,0,TOX24429,O=C(Cl)c1cc(C(=O)Cl)cc(C(=O)Cl)c1
0,0,TOX29361,O=[Zr](Cl)Cl
0,0,TOX26246,CCCC(C)(COC(N)=O)COC(=O)NC1CC1
0,0,TOX1256,O=C(O)c1cc(/N=N/c2ccc(S(=O)(=O)Nc3ccccn3)cc2)ccc1O
0,0,TOX28493,CN1C(=O)N(c2ccccc2Br)Cc2cnc(Nc3ccc4c(c3)OCC(CO)O4)nc21
1,1,TOX26626,CC(=O)O[C@H]1CC[C@H]2[C@@H]3CCC4=CC(=O)CCC4=C3C=C[C@]12C
0,1,TOX20712,CC[Sn](Br)(CC)CC
0,0,TOX1156,CCN(CC)C(=O)C(Cl)=C(C)OP(=O)(OC)OC
0,0,TOX25688,O=C1c2ccccc2S(=O)(=O)N1CCCCN1CCN(c2ncccn2)CC1
0,0,TOX14382,CC(C)=C[C@@H]1[C@@H](C(=O)OCc2coc(Cc3ccccc3)c2)C1(C)C
0,0,TOX27246,CC(C)(C)c1cc(/C=C2\SC(=N)NC2=O)cc(C(C)(C)C)c1O
0,0,TOX2170,NC(=O)c1c(Cl)cccc1Cl
0,1,TOX1907,N#CCC#N
0,0,TOX27074,CC(C)COC(=O)c1ccccc1
0,0,TOX28926,O=C1CN=C(c2ccccc2)c2cc(Cl)ccc2N1
0,0,TOX29277,Brc1cc2ccccc2c2ccccc12
1,1,TOX25535,CCC(=O)OCC(=O)[C@@]1(OC(=O)CC)[C@H](C)C[C@H]2[C@H]3[C@H]([C@@H](O)C[C@@]21C)[C@@]1(C)C=CC(=O)C=C1C[C@H]3Cl
0,0,TOX12513,Cc1cc(C)n(CO)n1
0,0,TOX22614,COc1cc2c(cc1OC)C1CC(=O)C(CC(C)C)CN1CC2
1,1,TOX4523,C[C@]12CC[C@H]3[C@@H](CCC4=CC(=O)CC[C@@]43C)[C@@H]1CCC2=O
0,0,TOX855,COP(=S)(OC)Oc1ccc([N+](=O)[O-])cc1
0,0,TOX6863,CC(O)COCC(C)O
0,0,TOX5741,O=C(Cl)c1ccccc1[N+](=O)[O-]
0,0,TOX1808,Cc1ccccc1O
0,0,TOX21441,Cc1ccccc1OCC(=O)O
0,0,TOX1886,CC(C)(C)CC(C)(C)N
0,0,TOX26521,CCOc1ccc(S(=O)(=O)O)c2cccnc12
0,0,TOX28632,O=C(O)/C=C(\CC(=O)O)C(=O)O
0,0,TOX688,ClC1=C(Cl)C(Cl)(Cl)C(Cl)=C1Cl
0,1,TOX653,CN(C)c1ccc(C(=C2C=CC(=[N+](C)C)C=C2)c2ccc(N(C)C)cc2)cc1
0,0,TOX28634,CN1CCN=C(c2ccccc2)c2cc(Cl)ccc21
0,0,TOX25310,C[C@H]1[C@H]2[C@H](C[C@H]3[C@@H]4CC[C@H]5C[C@@H](O)CC[C@]5(C)[C@H]4CC(=O)[C@@]32C)O[C@]12CC[C@@H](C)CO2
0,0,TOX22631,CN[C@@H]1C[C@@H](c2ccc(Cl)c(Cl)c2)c2ccccc21
0,0,TOX24830,CC(C)(O)C(=O)c1ccccc1
0,0,TOX3701,CC[N+](CC)(CC)CCC(O)(c1ccccc1)C1CCCCC1
0,0,TOX25843,OCc1ccccc1O
0,0,TOX7991,CCCCCCCCCCCCCCCCO
1,1,TOX28898,N[C@@H](CCC(=O)N[C@@H](CSSC[C@H](NC(=O)CC[C@H](N)C(=O)O)C(=O)NCC(=O)O)C(=O)NCC(=O)O)C(=O)O
0,0,TOX7304,C[Sn](C)(Cl)Cl
1,1,TOX2474,C[C@]12C[C@H](O)[C@H]3[C@@H](CCC4=CC(=O)CC[C@@]43C)[C@@H]1CC[C@@H]2C(=O)CO
0,0,TOX9210,CCCC[Sn](Cl)(Cl)Cl
1,0,TOX25375,CC1(C)O[C@@H]2C[C@H]3[C@@H]4CCC5=CC(=O)CC[C@]5(C)[C@@]4(F)[C@@H](O)C[C@]3(C)[C@]2(C(=O)CCl)O1
0,0,TOX4878,N#CC1(O)CCCCC1
0,0,TOX14601,CC(Cc1ccc(C(C)(C)C)cc1)CN1C[C@H](C)O[C@H](C)C1
0,0,TOX5012,C=C(Cl)CCl
0,0,TOX6864,CCCCCCCC(=O)OC
1,1,TOX25442,Nc1c(Br)cc(Br)cc1CN[C@H]1CC[C@H](O)CC1
1,1,TOX3380,C#C[C@]1(O)CC[C@H]2[C@@H]3CCC4=CC(=O)CC[C@@H]4[C@H]3CC[C@@]21C
0,0,TOX22633,CN(C)CCCN1c2ccccc2CCc2ccc(Cl)cc21
0,1,TOX12514,O=Cc1ccccc1C=O
0,0,TOX3721,CO[C@H]1C[C@H](O[C@@H]2[C@@H](C)C(=O)O[C@H](C)[C@H](C)[C@H](OC(C)=O)[C@@H](C)C(=O)[C@@]3(CO3)C[C@H](C)[C@H](O[C@@H]3O[C@H](C)C[C@H](N(C)C)[C@H]3OC(C)=O)[C@H]2C)O[C@@H](C)[C@@H]1OC(C)=O
,0,TOX11497,CC(C)OS(C)(=O)=O
0,0,TOX2279,CC(C)c1cccc(C(C)C)c1N
0,0,TOX876,Cc1cc(O)ccc1O
0,0,TOX29388,O=c1[nH][nH]c2ccccc12
0,0,TOX26030,C[C@]1(Cn2ccnn2)[C@H](C(=O)[O-])N2C(=O)C[C@H]2S1(=O)=O
0,0,TOX27342,COc1cccc(-c2ccc(/C=C\CN3CCCCCC3)cc2Cl)c1
0,0,TOX25081,O=C(O)c1ccccc1O.Oc1cccc2cccnc12
0,0,TOX12536,CC(C)=CC1C(C(=O)OC(C#N)c2cccc(Oc3ccccc3)c2)C1(C)C
0,0,TOX1254,C=CCc1ccc2c(c1)OCO2
0,0,TOX4787,Cc1nc2ccc(Cl)cc2[nH]1
0,0,TOX6053,CN[C@@H]1[C@H](O[C@H]2[C@H](O[C@@H]3[C@@H](NC(=N)N)[C@H](O)[C@@H](NC(=N)N)[C@H](O)[C@H]3O)O[C@@H](C)[C@]2(O)C=O)O[C@@H](CO)[C@H](O)[C@H]1O.CN[C@@H]1[C@H](O[C@H]2[C@H](O[C@@H]3[C@@H](NC(=N)N)[C@H](O)[C@@H](NC(=N)N)[C@H](O)[C@H]3O)O[C@@H](C)[C@]2(O)C=O)O[C@@H](CO)[C@H](O)[C@H]1O
0,0,TOX28792,C[C@H](N)C(=O)c1ccccc1
0,0,TOX4031,Cl/C=C/Cl
0,0,TOX7300,Cc1cscn1
0,0,TOX9235,C=CCCCCCCCCCCC
0,0,TOX26733,CCN(CC)CCOC(=O)c1cccnc1.O=C(O)CC(O)(CC(=O)O)C(=O)O
0,0,TOX24440,CCC(C)c1cccc(C(C)CC)c1O
0,0,TOX24484,CC(C)CCCCCCN
0,0,TOX26016,N=C(N)NN.N=C(N)NN
0,0,TOX20653,O=C(O)CCNC(=O)c1ccc(/N=N/c2ccc(O)c(C(=O)O)c2)cc1
0,0,TOX2047,CC(C)C1=CC2=CC[C@H]3[C@](C)(C(=O)O)CCC[C@]3(C)[C@H]2CC1
0,0,TOX26128,N=C(N)Nc1ccc(C(=O)Oc2ccc3cc(C(=N)N)ccc3c2)cc1
0,0,TOX26457,Cc1ccc(-c2ncc(Cl)cc2-c2ccc(S(C)(=O)=O)cc2)cn1
0,0,TOX6205,O=[N+]([O-])c1cc(Cl)c(Cl)c(Cl)c1
0,0,TOX26902,COC(CNC(=O)c1ccccc1OCC(=O)O)C[Hg]O
0,0,TOX27150,CC(C)(C)OC(=O)c1ccccc1C(=O)O
0,0,TOX22394,O=S(=O)([O-])c1cccc2ccccc12
0,0,TOX24810,CCC(C)CCCC(C)(C)O
0,0,TOX28842,CC[C@H](O)C(C[C@H](C)N(C)C)(c1ccccc1)c1ccccc1
0,0,TOX27527,CCCCCCCCCCCC(=O)OCC(C)OC(=O)CCCCC(=O)O
0,0,TOX20502,Cc1ccc(NC(=O)c2ccc(CN3CCN(C)CC3)cc2)cc1Nc1nccc(-c2cccnc2)n1
0,0,TOX14,CC(=O)C1C(=O)C=C(C)OC1=O
0,0,TOX818,CN(C)CCN(Cc1cccs1)c1ccccn1
0,0,TOX26247,C/C(=N\Cc1ccccc1)c1ccccc1O
1,1,TOX28740,CC[C@H]1C[C@H]2[C@@H]3CCC4=CC(=O)CC[C@@H]4[C@H]3CC[C@]2(C)[C@H]1O
0,0,TOX616,CC12CCC(CC1)C(C)(C)O2
0,0,TOX22259,O=S(=O)(c1ccccc1)c1ccc(Cl)cc1
0,0,TOX2847,CC1CCCC(C)N1NC(=O)c1ccc(Cl)c(S(N)(=O)=O)c1
0,0,TOX7835,C/C=C/C=C/C(=O)[O-]
0,0,TOX7174,OC1CCCc2ccccc21
0,0,TOX3084,C/C(=C(/CCO)SSCC1CCCO1)N(C=O)Cc1cnc(C)nc1N
0,0,TOX21104,O=C(O)C1CCCN1
0,1,TOX1834,O=[N+]([O-])c1ccc(O)cc1
1,1,TOX1478,C#C[C@@]1(O)CC[C@H]2[C@@H]3CCC4=CCCC[C@@H]4[C@H]3CC[C@@]21C
0,0,TOX27524,NC[C@H]1O[C@H](O[C@@H]2[C@@H](N)C[C@@H](N)[C@H](O[C@H]3O[C@H](CO)[C@@H](O)[C@H](N)[C@H]3O)[C@H]2O)[C@H](O)[C@@H](O)[C@@H]1O
0,0,TOX3101,N[C@@H](CCC(=O)N[C@@H](CS)C(=O)NCC(=O)O)C(=O)O
0,0,TOX20526,C=C(C)[C@H]1CN[C@H](C(=O)O)[C@H]1CC(=O)O
0,0,TOX4538,O=C1c2c(O)cccc2Cc2cccc(O)c21
0,0,TOX3187,CNC1(c2ccccc2Cl)CCCCC1=O
0,0,TOX8663,CCCCCCCCCOC(=O)c1ccccc1C(=O)OCCCCCCCCC
0,0,TOX2062,CC(=O)C(C)C
0,0,TOX893,CNC(=O)Oc1cc(C)c(N(C)C)c(C)c1
0,0,TOX26249,CN1C(=O)CN2CCc3ccccc3C2c2cc(Cl)ccc21
0,0,TOX5100,C=CC(=O)OCCN(C)C
0,0,TOX25163,O=C1N(c2ccccc2)c2ccccc2C1(Cc1ccncc1)Cc1ccncc1
0,0,TOX7529,CC(C)(C)C(=O)Cl
0,0,TOX25606,COc1ccc2c3c1O[C@H]1C[C@@H](O)C=C[C@@]31CCN(C)C2
0,0,TOX25849,Oc1c(Br)cc(Br)c2cccnc12
0,0,TOX581,CCOc1ccccc1C(N)=O
0,0,TOX1056,O=NN1CCOCC1
0,0,TOX25166,CCN(CC)CC(=O)Nc1c(C)cccc1C
1,1,TOX20750,C[C@H]1C[C@H]2[C@@H]3CCC4=CC(=O)C=C[C@]4(C)[C@@]3(Cl)[C@@H](O)C[C@]2(C)[C@@]1(O)C(=O)CO
0,0,TOX97,CC(COc1ccc(C(C)(C)C)cc1)OS(=O)OCCCl
0,0,TOX5668,COC(=O)c1ccc(C)cc1
0,0,TOX18877,COc1ccccc1NC(=O)c1cc2ccccc2cc1O
0,0,TOX25370,CCOC(=O)[C@@](C)(N)Cc1ccc(O)c(O)c1
0,0,TOX6615,C=C(C)C(=O)OCCOC(=O)C(=C)C
0,0,TOX26208,O=C1N=C2SCCN2C(=O)C1Cc1ccc(Cl)cc1
0,0,TOX27363,COc1cccc([C@H](O)C2CCN(CCc3ccc(F)cc3)CC2)c1OC
0,0,TOX1863,CCOC(=O)CC(=O)OCC
0,0,TOX5603,CNCCO
0,0,TOX1442,OCC(CO)N[C@H]1C[C@](O)(CO)[C@@H](O)[C@H](O)[C@H]1O
0,0,TOX27639,CCCCCCC#CC(=O)OC
0,0,TOX22399,CC(C)C1=CC2=CC[C@H]3[C@](C)(C(=O)[O-])CCC[C@]3(C)[C@H]2CC1
0,0,TOX27818,CCN(C)C(=O)Oc1cccc([C@H](C)N(C)C)c1
0,0,TOX27487,CCCCCCCCCOS(=O)(=O)[O-]
0,0,TOX28824,CN(C)CCc1c[nH]c2cccc(OP(=O)(O)O)c12
0,0,TOX6262,O=c1n(CC2CO2)c(=O)n(CC2CO2)c(=O)n1CC1CO1
1,1,TOX28911,CCC(=O)O[C@H]1CC[C@H]2[C@@H]3CCc4cc(O)ccc4[C@H]3CC[C@]12C
0,0,TOX21252,Nc1ccc(N)c2c1C(=O)c1ccccc1C2=O
0,0,TOX700,N[C@@H](Cc1cnc[nH]1)C(=O)O
0,0,TOX29314,CCCCCCCCCCCCCBr
1,1,TOX26773,CCCC(=O)O[C@]1(C(=O)COC(C)=O)CC[C@H]2[C@@H]3C[C@H](F)C4=CC(=O)C=C[C@]4(C)[C@@]3(F)[C@@H](O)C[C@@]21C
0,0,TOX3298,CC1CCN(CCCC(=O)c2ccc(F)cc2)CC1
0,0,TOX12474,CC1CCCCC1NC(=O)Nc1ccccc1
0,0,TOX5404,CCCCCCc1ccc(-c2ccc(C#N)cc2)cc1
0,0,TOX12459,CCOP(=S)(OCC)SCSCC
0,0,TOX24762,CCO[Si](CCC1CCC2OC2C1)(OCC)OCC
0,0,TOX2886,C[N+](C)(C)CCCCCCCCCC[N+](C)(C)C
0,0,TOX7159,O=C1CCCCCO1
0,0,TOX7322,O=C1CCCCCCCCCCC1
1,1,TOX26727,CC(C)(C)C(=O)Oc1ccc(S(=O)(=O)Nc2ccccc2C(=O)NCC(=O)[O-])cc1
0,0,TOX7034,O=[N+]([O-])C(CO)(CO)CO
0,0,TOX15163,COc1ccc(OC)c(OC)c1
0,0,TOX22632,CN1[C@H]2CC[C@@H]1C[C@H](OC(=O)c1cc(Cl)cc(Cl)c1)C2
0,0,TOX308,ClCc1ccccn1
0,0,TOX14227,CCC(C)OC(=O)N1CCCCC1CCO
0,0,TOX683,ClC(Cl)=C(Cl)C(Cl)=C(Cl)Cl
0,0,TOX25293,CN(C)CCCOc1nn(Cc2ccccc2)c2ccccc12
0,0,TOX20363,CC(C)(C)C(O)/C(=C\c1ccc(Cl)cc1Cl)n1cncn1
